This is pdfTeX, Version 3.141592653-2.6-1.40.25 (TeX Live 2023/Debian) (preloaded format=pdflatex 2026.4.20)  13 MAY 2026 16:35
entering extended mode
 restricted \write18 enabled.
 %&-line parsing enabled.
**thesis.tex
(./thesis.tex
LaTeX2e <2023-11-01> patch level 1
L3 programming layer <2024-01-22>
(./BYUPhys.cls
Document Class: BYUPhys 
(/usr/share/texlive/texmf-dist/tex/latex/base/article.cls
Document Class: article 2023/05/17 v1.4n Standard LaTeX document class
(/usr/share/texlive/texmf-dist/tex/latex/base/size12.clo
File: size12.clo 2023/05/17 v1.4n Standard LaTeX file (size option)
)
\c@part=\count187
\c@section=\count188
\c@subsection=\count189
\c@subsubsection=\count190
\c@paragraph=\count191
\c@subparagraph=\count192
\c@figure=\count193
\c@table=\count194
\abovecaptionskip=\skip48
\belowcaptionskip=\skip49
\bibindent=\dimen140
)
(/usr/share/texlive/texmf-dist/tex/latex/tools/afterpage.sty
Package: afterpage 2023/07/04 v1.08 After-Page Package (DPC)
\AP@output=\toks17
\AP@partial=\box51
\AP@footins=\box52
)
(/usr/share/texlive/texmf-dist/tex/latex/float/float.sty
Package: float 2001/11/08 v1.3d Float enhancements (AL)
\c@float@type=\count195
\float@exts=\toks18
\float@box=\box53
\@float@everytoks=\toks19
\@floatcapt=\box54
)
\@float@every@listing=\toks20
\c@listing=\count196

(/usr/share/texlive/texmf-dist/tex/latex/algorithms/algorithm.sty
Package: algorithm 2009/08/24 v0.1 Document Style `algorithm' - floating enviro
nment

(/usr/share/texlive/texmf-dist/tex/latex/base/ifthen.sty
Package: ifthen 2022/04/13 v1.1d Standard LaTeX ifthen package (DPC)
)
\@float@every@algorithm=\toks21
\c@algorithm=\count197
)
(/usr/share/texlive/texmf-dist/tex/latex/algorithmicx/algorithmicx.sty
Package: algorithmicx 2005/04/27 v1.2 Algorithmicx

Document Style algorithmicx 1.2 - a greatly improved `algorithmic' style
\c@ALG@line=\count198
\c@ALG@rem=\count199
\c@ALG@nested=\count266
\ALG@tlm=\skip50
\ALG@thistlm=\skip51
\c@ALG@Lnr=\count267
\c@ALG@blocknr=\count268
\c@ALG@storecount=\count269
\c@ALG@tmpcounter=\count270
\ALG@tmplength=\skip52
) (/usr/share/texlive/texmf-dist/tex/latex/algorithmicx/algpseudocode.sty
Package: algpseudocode 

Document Style - pseudocode environments for use with the `algorithmicx' style
) (/usr/share/texlive/texmf-dist/tex/latex/titlesec/titlesec.sty
Package: titlesec 2023/10/27 v2.16 Sectioning titles
\ttl@box=\box55
\beforetitleunit=\skip53
\aftertitleunit=\skip54
\ttl@plus=\dimen141
\ttl@minus=\dimen142
\ttl@toksa=\toks22
\titlewidth=\dimen143
\titlewidthlast=\dimen144
\titlewidthfirst=\dimen145
)
(/usr/share/texlive/texmf-dist/tex/latex/hyperref/hyperref.sty
Package: hyperref 2024-01-20 v7.01h Hypertext links for LaTeX

(/usr/share/texlive/texmf-dist/tex/generic/iftex/iftex.sty
Package: iftex 2022/02/03 v1.0f TeX engine tests
)
(/usr/share/texlive/texmf-dist/tex/latex/graphics/keyval.sty
Package: keyval 2022/05/29 v1.15 key=value parser (DPC)
\KV@toks@=\toks23
)
(/usr/share/texlive/texmf-dist/tex/latex/kvsetkeys/kvsetkeys.sty
Package: kvsetkeys 2022-10-05 v1.19 Key value parser (HO)
)
(/usr/share/texlive/texmf-dist/tex/generic/kvdefinekeys/kvdefinekeys.sty
Package: kvdefinekeys 2019-12-19 v1.6 Define keys (HO)
)
(/usr/share/texlive/texmf-dist/tex/generic/pdfescape/pdfescape.sty
Package: pdfescape 2019/12/09 v1.15 Implements pdfTeX's escape features (HO)

(/usr/share/texlive/texmf-dist/tex/generic/ltxcmds/ltxcmds.sty
Package: ltxcmds 2023-12-04 v1.26 LaTeX kernel commands for general use (HO)
)
(/usr/share/texlive/texmf-dist/tex/generic/pdftexcmds/pdftexcmds.sty
Package: pdftexcmds 2020-06-27 v0.33 Utility functions of pdfTeX for LuaTeX (HO
)

(/usr/share/texlive/texmf-dist/tex/generic/infwarerr/infwarerr.sty
Package: infwarerr 2019/12/03 v1.5 Providing info/warning/error messages (HO)
)
Package pdftexcmds Info: \pdf@primitive is available.
Package pdftexcmds Info: \pdf@ifprimitive is available.
Package pdftexcmds Info: \pdfdraftmode found.
))
(/usr/share/texlive/texmf-dist/tex/latex/hycolor/hycolor.sty
Package: hycolor 2020-01-27 v1.10 Color options for hyperref/bookmark (HO)
)
(/usr/share/texlive/texmf-dist/tex/latex/auxhook/auxhook.sty
Package: auxhook 2019-12-17 v1.6 Hooks for auxiliary files (HO)
)
(/usr/share/texlive/texmf-dist/tex/latex/hyperref/nameref.sty
Package: nameref 2023-11-26 v2.56 Cross-referencing by name of section

(/usr/share/texlive/texmf-dist/tex/latex/refcount/refcount.sty
Package: refcount 2019/12/15 v3.6 Data extraction from label references (HO)
)
(/usr/share/texlive/texmf-dist/tex/generic/gettitlestring/gettitlestring.sty
Package: gettitlestring 2019/12/15 v1.6 Cleanup title references (HO)

(/usr/share/texlive/texmf-dist/tex/latex/kvoptions/kvoptions.sty
Package: kvoptions 2022-06-15 v3.15 Key value format for package options (HO)
))
\c@section@level=\count271
)
(/usr/share/texlive/texmf-dist/tex/latex/etoolbox/etoolbox.sty
Package: etoolbox 2020/10/05 v2.5k e-TeX tools for LaTeX (JAW)
\etb@tempcnta=\count272
)
\@linkdim=\dimen146
\Hy@linkcounter=\count273
\Hy@pagecounter=\count274

(/usr/share/texlive/texmf-dist/tex/latex/hyperref/pd1enc.def
File: pd1enc.def 2024-01-20 v7.01h Hyperref: PDFDocEncoding definition (HO)
Now handling font encoding PD1 ...
... no UTF-8 mapping file for font encoding PD1
)
(/usr/share/texlive/texmf-dist/tex/generic/intcalc/intcalc.sty
Package: intcalc 2019/12/15 v1.3 Expandable calculations with integers (HO)
)
\Hy@SavedSpaceFactor=\count275

(/usr/share/texlive/texmf-dist/tex/latex/hyperref/puenc.def
File: puenc.def 2024-01-20 v7.01h Hyperref: PDF Unicode definition (HO)
Now handling font encoding PU ...
... no UTF-8 mapping file for font encoding PU
)
Package hyperref Info: Option `unicode' set `true' on input line 4062.
Package hyperref Info: Hyper figures OFF on input line 4179.
Package hyperref Info: Link nesting OFF on input line 4184.
Package hyperref Info: Hyper index ON on input line 4187.
Package hyperref Info: Plain pages OFF on input line 4194.
Package hyperref Info: Backreferencing OFF on input line 4199.
Package hyperref Info: Implicit mode ON; LaTeX internals redefined.
Package hyperref Info: Bookmarks ON on input line 4446.
\c@Hy@tempcnt=\count276

(/usr/share/texlive/texmf-dist/tex/latex/url/url.sty
\Urlmuskip=\muskip16
Package: url 2013/09/16  ver 3.4  Verb mode for urls, etc.
)
LaTeX Info: Redefining \url on input line 4784.
\XeTeXLinkMargin=\dimen147

(/usr/share/texlive/texmf-dist/tex/generic/bitset/bitset.sty
Package: bitset 2019/12/09 v1.3 Handle bit-vector datatype (HO)

(/usr/share/texlive/texmf-dist/tex/generic/bigintcalc/bigintcalc.sty
Package: bigintcalc 2019/12/15 v1.5 Expandable calculations on big integers (HO
)
))
\Fld@menulength=\count277
\Field@Width=\dimen148
\Fld@charsize=\dimen149
Package hyperref Info: Hyper figures OFF on input line 6063.
Package hyperref Info: Link nesting OFF on input line 6068.
Package hyperref Info: Hyper index ON on input line 6071.
Package hyperref Info: backreferencing OFF on input line 6078.
Package hyperref Info: Link coloring OFF on input line 6083.
Package hyperref Info: Link coloring with OCG OFF on input line 6088.
Package hyperref Info: PDF/A mode OFF on input line 6093.

(/usr/share/texlive/texmf-dist/tex/latex/base/atbegshi-ltx.sty
Package: atbegshi-ltx 2021/01/10 v1.0c Emulation of the original atbegshi
package with kernel methods
)
\Hy@abspage=\count278
\c@Item=\count279
\c@Hfootnote=\count280
)
Package hyperref Info: Driver (autodetected): hpdftex.

(/usr/share/texlive/texmf-dist/tex/latex/hyperref/hpdftex.def
File: hpdftex.def 2024-01-20 v7.01h Hyperref driver for pdfTeX

(/usr/share/texlive/texmf-dist/tex/latex/base/atveryend-ltx.sty
Package: atveryend-ltx 2020/08/19 v1.0a Emulation of the original atveryend pac
kage
with kernel methods
)
\Fld@listcount=\count281
\c@bookmark@seq@number=\count282

(/usr/share/texlive/texmf-dist/tex/latex/rerunfilecheck/rerunfilecheck.sty
Package: rerunfilecheck 2022-07-10 v1.10 Rerun checks for auxiliary files (HO)

(/usr/share/texlive/texmf-dist/tex/generic/uniquecounter/uniquecounter.sty
Package: uniquecounter 2019/12/15 v1.4 Provide unlimited unique counter (HO)
)
Package uniquecounter Info: New unique counter `rerunfilecheck' on input line 2
85.
)
\Hy@SectionHShift=\skip55
)
Package hyperref Info: Option `colorlinks' set `false' on input line 646.

(/usr/share/texlive/texmf-dist/tex/latex/cite/cite.sty
LaTeX Info: Redefining \cite on input line 302.
LaTeX Info: Redefining \nocite on input line 332.
Package: cite 2015/02/27  v 5.5
)
(/usr/share/texlive/texmf-dist/tex/latex/bookmark/bookmark.sty
Package: bookmark 2023-12-10 v1.31 PDF bookmarks (HO)

(/usr/share/texlive/texmf-dist/tex/latex/bookmark/bkm-pdftex.def
File: bkm-pdftex.def 2023-12-10 v1.31 bookmark driver for pdfTeX and luaTeX (HO
)
\BKM@id=\count283
)))
(/usr/share/texlive/texmf-dist/tex/latex/multirow/multirow.sty
Package: multirow 2021/03/15 v2.8 Span multiple rows of a table
\multirow@colwidth=\skip56
\multirow@cntb=\count284
\multirow@dima=\skip57
\bigstrutjot=\dimen150
)
(/usr/share/texlive/texmf-dist/tex/latex/tools/longtable.sty
Package: longtable 2023-11-01 v4.19 Multi-page Table package (DPC)
\LTleft=\skip58
\LTright=\skip59
\LTpre=\skip60
\LTpost=\skip61
\LTchunksize=\count285
\LTcapwidth=\dimen151
\LT@head=\box56
\LT@firsthead=\box57
\LT@foot=\box58
\LT@lastfoot=\box59
\LT@gbox=\box60
\LT@cols=\count286
\LT@rows=\count287
\c@LT@tables=\count288
\c@LT@chunks=\count289
\LT@p@ftn=\toks24
)
(/usr/share/texlive/texmf-dist/tex/latex/tools/array.sty
Package: array 2023/10/16 v2.5g Tabular extension package (FMi)
\col@sep=\dimen152
\ar@mcellbox=\box61
\extrarowheight=\dimen153
\NC@list=\toks25
\extratabsurround=\skip62
\backup@length=\skip63
\ar@cellbox=\box62
)
(/usr/share/texlive/texmf-dist/tex/latex/cmap/cmap.sty
Package: cmap 2021/02/06 v1.0j CMap support: searchable PDF
)
(/usr/share/texlive/texmf-dist/tex/latex/tempora/tempora.sty
Package: tempora 2016/02/02 (msharpe) Style file for Tempora.

(/usr/share/texlive/texmf-dist/tex/latex/base/fontenc.sty
Package: fontenc 2021/04/29 v2.0v Standard LaTeX package

(/usr/share/texlive/texmf-dist/tex/latex/cyrillic/ot2enc.def
File: ot2enc.def 2022/06/11 v3.3b Cyrillic encoding definition file
Now handling font encoding OT2 ...
... processing UTF-8 mapping file for font encoding OT2

(/usr/share/texlive/texmf-dist/tex/latex/base/ot2enc.dfu
File: ot2enc.dfu 2022/06/07 v1.3c UTF-8 support
   defining Unicode char U+00AB (decimal 171)
   defining Unicode char U+00BB (decimal 187)
   defining Unicode char U+0131 (decimal 305)
   defining Unicode char U+0237 (decimal 567)
   defining Unicode char U+0400 (decimal 1024)
   defining Unicode char U+0401 (decimal 1025)
   defining Unicode char U+0402 (decimal 1026)
   defining Unicode char U+0403 (decimal 1027)
   defining Unicode char U+0404 (decimal 1028)
   defining Unicode char U+0405 (decimal 1029)
   defining Unicode char U+0406 (decimal 1030)
   defining Unicode char U+0408 (decimal 1032)
   defining Unicode char U+0409 (decimal 1033)
   defining Unicode char U+040A (decimal 1034)
   defining Unicode char U+040B (decimal 1035)
   defining Unicode char U+040C (decimal 1036)
   defining Unicode char U+040D (decimal 1037)
   defining Unicode char U+040F (decimal 1039)
   defining Unicode char U+0410 (decimal 1040)
   defining Unicode char U+0411 (decimal 1041)
   defining Unicode char U+0412 (decimal 1042)
   defining Unicode char U+0413 (decimal 1043)
   defining Unicode char U+0414 (decimal 1044)
   defining Unicode char U+0415 (decimal 1045)
   defining Unicode char U+0416 (decimal 1046)
   defining Unicode char U+0417 (decimal 1047)
   defining Unicode char U+0418 (decimal 1048)
   defining Unicode char U+0419 (decimal 1049)
   defining Unicode char U+041A (decimal 1050)
   defining Unicode char U+041B (decimal 1051)
   defining Unicode char U+041C (decimal 1052)
   defining Unicode char U+041D (decimal 1053)
   defining Unicode char U+041E (decimal 1054)
   defining Unicode char U+041F (decimal 1055)
   defining Unicode char U+0420 (decimal 1056)
   defining Unicode char U+0421 (decimal 1057)
   defining Unicode char U+0422 (decimal 1058)
   defining Unicode char U+0423 (decimal 1059)
   defining Unicode char U+0424 (decimal 1060)
   defining Unicode char U+0425 (decimal 1061)
   defining Unicode char U+0426 (decimal 1062)
   defining Unicode char U+0427 (decimal 1063)
   defining Unicode char U+0428 (decimal 1064)
   defining Unicode char U+0429 (decimal 1065)
   defining Unicode char U+042A (decimal 1066)
   defining Unicode char U+042B (decimal 1067)
   defining Unicode char U+042C (decimal 1068)
   defining Unicode char U+042D (decimal 1069)
   defining Unicode char U+042E (decimal 1070)
   defining Unicode char U+042F (decimal 1071)
   defining Unicode char U+0430 (decimal 1072)
   defining Unicode char U+0431 (decimal 1073)
   defining Unicode char U+0432 (decimal 1074)
   defining Unicode char U+0433 (decimal 1075)
   defining Unicode char U+0434 (decimal 1076)
   defining Unicode char U+0435 (decimal 1077)
   defining Unicode char U+0436 (decimal 1078)
   defining Unicode char U+0437 (decimal 1079)
   defining Unicode char U+0438 (decimal 1080)
   defining Unicode char U+0439 (decimal 1081)
   defining Unicode char U+043A (decimal 1082)
   defining Unicode char U+043B (decimal 1083)
   defining Unicode char U+043C (decimal 1084)
   defining Unicode char U+043D (decimal 1085)
   defining Unicode char U+043E (decimal 1086)
   defining Unicode char U+043F (decimal 1087)
   defining Unicode char U+0440 (decimal 1088)
   defining Unicode char U+0441 (decimal 1089)
   defining Unicode char U+0442 (decimal 1090)
   defining Unicode char U+0443 (decimal 1091)
   defining Unicode char U+0444 (decimal 1092)
   defining Unicode char U+0445 (decimal 1093)
   defining Unicode char U+0446 (decimal 1094)
   defining Unicode char U+0447 (decimal 1095)
   defining Unicode char U+0448 (decimal 1096)
   defining Unicode char U+0449 (decimal 1097)
   defining Unicode char U+044A (decimal 1098)
   defining Unicode char U+044B (decimal 1099)
   defining Unicode char U+044C (decimal 1100)
   defining Unicode char U+044D (decimal 1101)
   defining Unicode char U+044E (decimal 1102)
   defining Unicode char U+044F (decimal 1103)
   defining Unicode char U+0450 (decimal 1104)
   defining Unicode char U+0451 (decimal 1105)
   defining Unicode char U+0452 (decimal 1106)
   defining Unicode char U+0453 (decimal 1107)
   defining Unicode char U+0454 (decimal 1108)
   defining Unicode char U+0455 (decimal 1109)
   defining Unicode char U+0456 (decimal 1110)
   defining Unicode char U+0458 (decimal 1112)
   defining Unicode char U+0459 (decimal 1113)
   defining Unicode char U+045A (decimal 1114)
   defining Unicode char U+045B (decimal 1115)
   defining Unicode char U+045C (decimal 1116)
   defining Unicode char U+045D (decimal 1117)
   defining Unicode char U+045F (decimal 1119)
   defining Unicode char U+0462 (decimal 1122)
   defining Unicode char U+0463 (decimal 1123)
   defining Unicode char U+0472 (decimal 1138)
   defining Unicode char U+0473 (decimal 1139)
   defining Unicode char U+0474 (decimal 1140)
   defining Unicode char U+0475 (decimal 1141)
   defining Unicode char U+04C1 (decimal 1217)
   defining Unicode char U+04C2 (decimal 1218)
   defining Unicode char U+04D0 (decimal 1232)
   defining Unicode char U+04D1 (decimal 1233)
   defining Unicode char U+04D2 (decimal 1234)
   defining Unicode char U+04D3 (decimal 1235)
   defining Unicode char U+04D6 (decimal 1238)
   defining Unicode char U+04D7 (decimal 1239)
   defining Unicode char U+04DC (decimal 1244)
   defining Unicode char U+04DD (decimal 1245)
   defining Unicode char U+04DE (decimal 1246)
   defining Unicode char U+04DF (decimal 1247)
   defining Unicode char U+04E2 (decimal 1250)
   defining Unicode char U+04E3 (decimal 1251)
   defining Unicode char U+04E4 (decimal 1252)
   defining Unicode char U+04E5 (decimal 1253)
   defining Unicode char U+04E6 (decimal 1254)
   defining Unicode char U+04E7 (decimal 1255)
   defining Unicode char U+04EC (decimal 1260)
   defining Unicode char U+04ED (decimal 1261)
   defining Unicode char U+04EE (decimal 1262)
   defining Unicode char U+04EF (decimal 1263)
   defining Unicode char U+04F0 (decimal 1264)
   defining Unicode char U+04F1 (decimal 1265)
   defining Unicode char U+04F2 (decimal 1266)
   defining Unicode char U+04F3 (decimal 1267)
   defining Unicode char U+04F4 (decimal 1268)
   defining Unicode char U+04F5 (decimal 1269)
   defining Unicode char U+04F8 (decimal 1272)
   defining Unicode char U+04F9 (decimal 1273)
   defining Unicode char U+2013 (decimal 8211)
   defining Unicode char U+2014 (decimal 8212)
   defining Unicode char U+2018 (decimal 8216)
   defining Unicode char U+2019 (decimal 8217)
   defining Unicode char U+201C (decimal 8220)
   defining Unicode char U+201D (decimal 8221)
   defining Unicode char U+2116 (decimal 8470)
))
(/usr/share/texlive/texmf-dist/tex/latex/cyrillic/t2cenc.def
File: t2cenc.def 2022/06/11 v1.0j Cyrillic encoding definition file
Now handling font encoding T2C ...
... processing UTF-8 mapping file for font encoding T2C

(/usr/share/texlive/texmf-dist/tex/latex/base/t2cenc.dfu
File: t2cenc.dfu 2022/06/07 v1.3c UTF-8 support
   defining Unicode char U+00A4 (decimal 164)
   defining Unicode char U+00A7 (decimal 167)
   defining Unicode char U+00AB (decimal 171)
   defining Unicode char U+00BB (decimal 187)
   defining Unicode char U+0131 (decimal 305)
   defining Unicode char U+0237 (decimal 567)
   defining Unicode char U+0400 (decimal 1024)
   defining Unicode char U+0401 (decimal 1025)
   defining Unicode char U+0403 (decimal 1027)
   defining Unicode char U+0405 (decimal 1029)
   defining Unicode char U+0406 (decimal 1030)
   defining Unicode char U+0408 (decimal 1032)
   defining Unicode char U+040C (decimal 1036)
   defining Unicode char U+040D (decimal 1037)
   defining Unicode char U+040F (decimal 1039)
   defining Unicode char U+0410 (decimal 1040)
   defining Unicode char U+0411 (decimal 1041)
   defining Unicode char U+0412 (decimal 1042)
   defining Unicode char U+0413 (decimal 1043)
   defining Unicode char U+0414 (decimal 1044)
   defining Unicode char U+0415 (decimal 1045)
   defining Unicode char U+0416 (decimal 1046)
   defining Unicode char U+0417 (decimal 1047)
   defining Unicode char U+0418 (decimal 1048)
   defining Unicode char U+0419 (decimal 1049)
   defining Unicode char U+041A (decimal 1050)
   defining Unicode char U+041B (decimal 1051)
   defining Unicode char U+041C (decimal 1052)
   defining Unicode char U+041D (decimal 1053)
   defining Unicode char U+041E (decimal 1054)
   defining Unicode char U+041F (decimal 1055)
   defining Unicode char U+0420 (decimal 1056)
   defining Unicode char U+0421 (decimal 1057)
   defining Unicode char U+0422 (decimal 1058)
   defining Unicode char U+0423 (decimal 1059)
   defining Unicode char U+0424 (decimal 1060)
   defining Unicode char U+0425 (decimal 1061)
   defining Unicode char U+0426 (decimal 1062)
   defining Unicode char U+0427 (decimal 1063)
   defining Unicode char U+0428 (decimal 1064)
   defining Unicode char U+0429 (decimal 1065)
   defining Unicode char U+042A (decimal 1066)
   defining Unicode char U+042B (decimal 1067)
   defining Unicode char U+042C (decimal 1068)
   defining Unicode char U+042D (decimal 1069)
   defining Unicode char U+042E (decimal 1070)
   defining Unicode char U+042F (decimal 1071)
   defining Unicode char U+0430 (decimal 1072)
   defining Unicode char U+0431 (decimal 1073)
   defining Unicode char U+0432 (decimal 1074)
   defining Unicode char U+0433 (decimal 1075)
   defining Unicode char U+0434 (decimal 1076)
   defining Unicode char U+0435 (decimal 1077)
   defining Unicode char U+0436 (decimal 1078)
   defining Unicode char U+0437 (decimal 1079)
   defining Unicode char U+0438 (decimal 1080)
   defining Unicode char U+0439 (decimal 1081)
   defining Unicode char U+043A (decimal 1082)
   defining Unicode char U+043B (decimal 1083)
   defining Unicode char U+043C (decimal 1084)
   defining Unicode char U+043D (decimal 1085)
   defining Unicode char U+043E (decimal 1086)
   defining Unicode char U+043F (decimal 1087)
   defining Unicode char U+0440 (decimal 1088)
   defining Unicode char U+0441 (decimal 1089)
   defining Unicode char U+0442 (decimal 1090)
   defining Unicode char U+0443 (decimal 1091)
   defining Unicode char U+0444 (decimal 1092)
   defining Unicode char U+0445 (decimal 1093)
   defining Unicode char U+0446 (decimal 1094)
   defining Unicode char U+0447 (decimal 1095)
   defining Unicode char U+0448 (decimal 1096)
   defining Unicode char U+0449 (decimal 1097)
   defining Unicode char U+044A (decimal 1098)
   defining Unicode char U+044B (decimal 1099)
   defining Unicode char U+044C (decimal 1100)
   defining Unicode char U+044D (decimal 1101)
   defining Unicode char U+044E (decimal 1102)
   defining Unicode char U+044F (decimal 1103)
   defining Unicode char U+0450 (decimal 1104)
   defining Unicode char U+0451 (decimal 1105)
   defining Unicode char U+0453 (decimal 1107)
   defining Unicode char U+0455 (decimal 1109)
   defining Unicode char U+0456 (decimal 1110)
   defining Unicode char U+0458 (decimal 1112)
   defining Unicode char U+045C (decimal 1116)
   defining Unicode char U+045D (decimal 1117)
   defining Unicode char U+045F (decimal 1119)
   defining Unicode char U+048C (decimal 1164)
   defining Unicode char U+048D (decimal 1165)
   defining Unicode char U+048E (decimal 1166)
   defining Unicode char U+048F (decimal 1167)
   defining Unicode char U+0494 (decimal 1172)
   defining Unicode char U+0495 (decimal 1173)
   defining Unicode char U+049A (decimal 1178)
   defining Unicode char U+049B (decimal 1179)
   defining Unicode char U+049E (decimal 1182)
   defining Unicode char U+049F (decimal 1183)
   defining Unicode char U+04A2 (decimal 1186)
   defining Unicode char U+04A3 (decimal 1187)
   defining Unicode char U+04A6 (decimal 1190)
   defining Unicode char U+04A7 (decimal 1191)
   defining Unicode char U+04A8 (decimal 1192)
   defining Unicode char U+04A9 (decimal 1193)
   defining Unicode char U+04AC (decimal 1196)
   defining Unicode char U+04AD (decimal 1197)
   defining Unicode char U+04B2 (decimal 1202)
   defining Unicode char U+04B3 (decimal 1203)
   defining Unicode char U+04B4 (decimal 1204)
   defining Unicode char U+04B5 (decimal 1205)
   defining Unicode char U+04B6 (decimal 1206)
   defining Unicode char U+04B7 (decimal 1207)
   defining Unicode char U+04BA (decimal 1210)
   defining Unicode char U+04BB (decimal 1211)
   defining Unicode char U+04BC (decimal 1212)
   defining Unicode char U+04BD (decimal 1213)
   defining Unicode char U+04BE (decimal 1214)
   defining Unicode char U+04BF (decimal 1215)
   defining Unicode char U+04C0 (decimal 1216)
   defining Unicode char U+04C1 (decimal 1217)
   defining Unicode char U+04C2 (decimal 1218)
   defining Unicode char U+04C5 (decimal 1221)
   defining Unicode char U+04C6 (decimal 1222)
   defining Unicode char U+04C7 (decimal 1223)
   defining Unicode char U+04C8 (decimal 1224)
   defining Unicode char U+04CD (decimal 1229)
   defining Unicode char U+04CE (decimal 1230)
   defining Unicode char U+04D0 (decimal 1232)
   defining Unicode char U+04D1 (decimal 1233)
   defining Unicode char U+04D2 (decimal 1234)
   defining Unicode char U+04D3 (decimal 1235)
   defining Unicode char U+04D6 (decimal 1238)
   defining Unicode char U+04D7 (decimal 1239)
   defining Unicode char U+04D8 (decimal 1240)
   defining Unicode char U+04D9 (decimal 1241)
   defining Unicode char U+04DA (decimal 1242)
   defining Unicode char U+04DB (decimal 1243)
   defining Unicode char U+04DC (decimal 1244)
   defining Unicode char U+04DD (decimal 1245)
   defining Unicode char U+04DE (decimal 1246)
   defining Unicode char U+04DF (decimal 1247)
   defining Unicode char U+04E0 (decimal 1248)
   defining Unicode char U+04E1 (decimal 1249)
   defining Unicode char U+04E2 (decimal 1250)
   defining Unicode char U+04E3 (decimal 1251)
   defining Unicode char U+04E4 (decimal 1252)
   defining Unicode char U+04E5 (decimal 1253)
   defining Unicode char U+04E6 (decimal 1254)
   defining Unicode char U+04E7 (decimal 1255)
   defining Unicode char U+04E8 (decimal 1256)
   defining Unicode char U+04E9 (decimal 1257)
   defining Unicode char U+04EC (decimal 1260)
   defining Unicode char U+04ED (decimal 1261)
   defining Unicode char U+04EE (decimal 1262)
   defining Unicode char U+04EF (decimal 1263)
   defining Unicode char U+04F0 (decimal 1264)
   defining Unicode char U+04F1 (decimal 1265)
   defining Unicode char U+04F2 (decimal 1266)
   defining Unicode char U+04F3 (decimal 1267)
   defining Unicode char U+04F4 (decimal 1268)
   defining Unicode char U+04F5 (decimal 1269)
   defining Unicode char U+04F8 (decimal 1272)
   defining Unicode char U+04F9 (decimal 1273)
   defining Unicode char U+200C (decimal 8204)
   defining Unicode char U+2013 (decimal 8211)
   defining Unicode char U+2014 (decimal 8212)
   defining Unicode char U+2018 (decimal 8216)
   defining Unicode char U+2019 (decimal 8217)
   defining Unicode char U+201C (decimal 8220)
   defining Unicode char U+201D (decimal 8221)
   defining Unicode char U+201E (decimal 8222)
   defining Unicode char U+2030 (decimal 8240)
   defining Unicode char U+2031 (decimal 8241)
   defining Unicode char U+2116 (decimal 8470)
   defining Unicode char U+2329 (decimal 9001)
   defining Unicode char U+3008 (decimal 12296)
   defining Unicode char U+232A (decimal 9002)
   defining Unicode char U+3009 (decimal 12297)
   defining Unicode char U+2423 (decimal 9251)
   defining Unicode char U+27E8 (decimal 10216)
   defining Unicode char U+27E9 (decimal 10217)
   defining Unicode char U+FB00 (decimal 64256)
   defining Unicode char U+FB01 (decimal 64257)
   defining Unicode char U+FB02 (decimal 64258)
   defining Unicode char U+FB03 (decimal 64259)
   defining Unicode char U+FB04 (decimal 64260)
   defining Unicode char U+FB05 (decimal 64261)
   defining Unicode char U+FB06 (decimal 64262)
))
(/usr/share/texlive/texmf-dist/tex/latex/cyrillic/t2benc.def
File: t2benc.def 2022/06/11 v1.0j Cyrillic encoding definition file
Now handling font encoding T2B ...
... processing UTF-8 mapping file for font encoding T2B

(/usr/share/texlive/texmf-dist/tex/latex/base/t2benc.dfu
File: t2benc.dfu 2022/06/07 v1.3c UTF-8 support
   defining Unicode char U+00A4 (decimal 164)
   defining Unicode char U+00A7 (decimal 167)
   defining Unicode char U+00AB (decimal 171)
   defining Unicode char U+00BB (decimal 187)
   defining Unicode char U+0131 (decimal 305)
   defining Unicode char U+0237 (decimal 567)
   defining Unicode char U+0400 (decimal 1024)
   defining Unicode char U+0401 (decimal 1025)
   defining Unicode char U+0403 (decimal 1027)
   defining Unicode char U+0405 (decimal 1029)
   defining Unicode char U+0406 (decimal 1030)
   defining Unicode char U+0408 (decimal 1032)
   defining Unicode char U+0409 (decimal 1033)
   defining Unicode char U+040A (decimal 1034)
   defining Unicode char U+040C (decimal 1036)
   defining Unicode char U+040D (decimal 1037)
   defining Unicode char U+040E (decimal 1038)
   defining Unicode char U+0410 (decimal 1040)
   defining Unicode char U+0411 (decimal 1041)
   defining Unicode char U+0412 (decimal 1042)
   defining Unicode char U+0413 (decimal 1043)
   defining Unicode char U+0414 (decimal 1044)
   defining Unicode char U+0415 (decimal 1045)
   defining Unicode char U+0416 (decimal 1046)
   defining Unicode char U+0417 (decimal 1047)
   defining Unicode char U+0418 (decimal 1048)
   defining Unicode char U+0419 (decimal 1049)
   defining Unicode char U+041A (decimal 1050)
   defining Unicode char U+041B (decimal 1051)
   defining Unicode char U+041C (decimal 1052)
   defining Unicode char U+041D (decimal 1053)
   defining Unicode char U+041E (decimal 1054)
   defining Unicode char U+041F (decimal 1055)
   defining Unicode char U+0420 (decimal 1056)
   defining Unicode char U+0421 (decimal 1057)
   defining Unicode char U+0422 (decimal 1058)
   defining Unicode char U+0423 (decimal 1059)
   defining Unicode char U+0424 (decimal 1060)
   defining Unicode char U+0425 (decimal 1061)
   defining Unicode char U+0426 (decimal 1062)
   defining Unicode char U+0427 (decimal 1063)
   defining Unicode char U+0428 (decimal 1064)
   defining Unicode char U+0429 (decimal 1065)
   defining Unicode char U+042A (decimal 1066)
   defining Unicode char U+042B (decimal 1067)
   defining Unicode char U+042C (decimal 1068)
   defining Unicode char U+042D (decimal 1069)
   defining Unicode char U+042E (decimal 1070)
   defining Unicode char U+042F (decimal 1071)
   defining Unicode char U+0430 (decimal 1072)
   defining Unicode char U+0431 (decimal 1073)
   defining Unicode char U+0432 (decimal 1074)
   defining Unicode char U+0433 (decimal 1075)
   defining Unicode char U+0434 (decimal 1076)
   defining Unicode char U+0435 (decimal 1077)
   defining Unicode char U+0436 (decimal 1078)
   defining Unicode char U+0437 (decimal 1079)
   defining Unicode char U+0438 (decimal 1080)
   defining Unicode char U+0439 (decimal 1081)
   defining Unicode char U+043A (decimal 1082)
   defining Unicode char U+043B (decimal 1083)
   defining Unicode char U+043C (decimal 1084)
   defining Unicode char U+043D (decimal 1085)
   defining Unicode char U+043E (decimal 1086)
   defining Unicode char U+043F (decimal 1087)
   defining Unicode char U+0440 (decimal 1088)
   defining Unicode char U+0441 (decimal 1089)
   defining Unicode char U+0442 (decimal 1090)
   defining Unicode char U+0443 (decimal 1091)
   defining Unicode char U+0444 (decimal 1092)
   defining Unicode char U+0445 (decimal 1093)
   defining Unicode char U+0446 (decimal 1094)
   defining Unicode char U+0447 (decimal 1095)
   defining Unicode char U+0448 (decimal 1096)
   defining Unicode char U+0449 (decimal 1097)
   defining Unicode char U+044A (decimal 1098)
   defining Unicode char U+044B (decimal 1099)
   defining Unicode char U+044C (decimal 1100)
   defining Unicode char U+044D (decimal 1101)
   defining Unicode char U+044E (decimal 1102)
   defining Unicode char U+044F (decimal 1103)
   defining Unicode char U+0450 (decimal 1104)
   defining Unicode char U+0451 (decimal 1105)
   defining Unicode char U+0453 (decimal 1107)
   defining Unicode char U+0455 (decimal 1109)
   defining Unicode char U+0456 (decimal 1110)
   defining Unicode char U+0458 (decimal 1112)
   defining Unicode char U+0459 (decimal 1113)
   defining Unicode char U+045A (decimal 1114)
   defining Unicode char U+045C (decimal 1116)
   defining Unicode char U+045D (decimal 1117)
   defining Unicode char U+045E (decimal 1118)
   defining Unicode char U+0492 (decimal 1170)
   defining Unicode char U+0493 (decimal 1171)
   defining Unicode char U+0494 (decimal 1172)
   defining Unicode char U+0495 (decimal 1173)
   defining Unicode char U+0496 (decimal 1174)
   defining Unicode char U+0497 (decimal 1175)
   defining Unicode char U+049A (decimal 1178)
   defining Unicode char U+049B (decimal 1179)
   defining Unicode char U+04A2 (decimal 1186)
   defining Unicode char U+04A3 (decimal 1187)
   defining Unicode char U+04A4 (decimal 1188)
   defining Unicode char U+04A5 (decimal 1189)
   defining Unicode char U+04AE (decimal 1198)
   defining Unicode char U+04AF (decimal 1199)
   defining Unicode char U+04B2 (decimal 1202)
   defining Unicode char U+04B3 (decimal 1203)
   defining Unicode char U+04B6 (decimal 1206)
   defining Unicode char U+04B7 (decimal 1207)
   defining Unicode char U+04BA (decimal 1210)
   defining Unicode char U+04BB (decimal 1211)
   defining Unicode char U+04C0 (decimal 1216)
   defining Unicode char U+04C1 (decimal 1217)
   defining Unicode char U+04C2 (decimal 1218)
   defining Unicode char U+04C3 (decimal 1219)
   defining Unicode char U+04C4 (decimal 1220)
   defining Unicode char U+04C5 (decimal 1221)
   defining Unicode char U+04C6 (decimal 1222)
   defining Unicode char U+04C7 (decimal 1223)
   defining Unicode char U+04C8 (decimal 1224)
   defining Unicode char U+04CB (decimal 1227)
   defining Unicode char U+04CC (decimal 1228)
   defining Unicode char U+04D0 (decimal 1232)
   defining Unicode char U+04D1 (decimal 1233)
   defining Unicode char U+04D2 (decimal 1234)
   defining Unicode char U+04D3 (decimal 1235)
   defining Unicode char U+04D6 (decimal 1238)
   defining Unicode char U+04D7 (decimal 1239)
   defining Unicode char U+04D8 (decimal 1240)
   defining Unicode char U+04D9 (decimal 1241)
   defining Unicode char U+04DA (decimal 1242)
   defining Unicode char U+04DB (decimal 1243)
   defining Unicode char U+04DC (decimal 1244)
   defining Unicode char U+04DD (decimal 1245)
   defining Unicode char U+04DE (decimal 1246)
   defining Unicode char U+04DF (decimal 1247)
   defining Unicode char U+04E0 (decimal 1248)
   defining Unicode char U+04E1 (decimal 1249)
   defining Unicode char U+04E2 (decimal 1250)
   defining Unicode char U+04E3 (decimal 1251)
   defining Unicode char U+04E4 (decimal 1252)
   defining Unicode char U+04E5 (decimal 1253)
   defining Unicode char U+04E6 (decimal 1254)
   defining Unicode char U+04E7 (decimal 1255)
   defining Unicode char U+04E8 (decimal 1256)
   defining Unicode char U+04E9 (decimal 1257)
   defining Unicode char U+04EC (decimal 1260)
   defining Unicode char U+04ED (decimal 1261)
   defining Unicode char U+04EE (decimal 1262)
   defining Unicode char U+04EF (decimal 1263)
   defining Unicode char U+04F0 (decimal 1264)
   defining Unicode char U+04F1 (decimal 1265)
   defining Unicode char U+04F2 (decimal 1266)
   defining Unicode char U+04F3 (decimal 1267)
   defining Unicode char U+04F4 (decimal 1268)
   defining Unicode char U+04F5 (decimal 1269)
   defining Unicode char U+04F6 (decimal 1270)
   defining Unicode char U+04F7 (decimal 1271)
   defining Unicode char U+04F8 (decimal 1272)
   defining Unicode char U+04F9 (decimal 1273)
   defining Unicode char U+04FA (decimal 1274)
   defining Unicode char U+04FB (decimal 1275)
   defining Unicode char U+04FC (decimal 1276)
   defining Unicode char U+04FD (decimal 1277)
   defining Unicode char U+04FE (decimal 1278)
   defining Unicode char U+04FF (decimal 1279)
   defining Unicode char U+200C (decimal 8204)
   defining Unicode char U+2013 (decimal 8211)
   defining Unicode char U+2014 (decimal 8212)
   defining Unicode char U+2018 (decimal 8216)
   defining Unicode char U+2019 (decimal 8217)
   defining Unicode char U+201C (decimal 8220)
   defining Unicode char U+201D (decimal 8221)
   defining Unicode char U+201E (decimal 8222)
   defining Unicode char U+2030 (decimal 8240)
   defining Unicode char U+2031 (decimal 8241)
   defining Unicode char U+2116 (decimal 8470)
   defining Unicode char U+2329 (decimal 9001)
   defining Unicode char U+3008 (decimal 12296)
   defining Unicode char U+232A (decimal 9002)
   defining Unicode char U+3009 (decimal 12297)
   defining Unicode char U+2423 (decimal 9251)
   defining Unicode char U+27E8 (decimal 10216)
   defining Unicode char U+27E9 (decimal 10217)
   defining Unicode char U+FB00 (decimal 64256)
   defining Unicode char U+FB01 (decimal 64257)
   defining Unicode char U+FB02 (decimal 64258)
   defining Unicode char U+FB03 (decimal 64259)
   defining Unicode char U+FB04 (decimal 64260)
   defining Unicode char U+FB05 (decimal 64261)
   defining Unicode char U+FB06 (decimal 64262)
))
(/usr/share/texlive/texmf-dist/tex/latex/cyrillic/t2aenc.def
File: t2aenc.def 2022/06/11 v1.0j Cyrillic encoding definition file
Now handling font encoding T2A ...
... processing UTF-8 mapping file for font encoding T2A

(/usr/share/texlive/texmf-dist/tex/latex/base/t2aenc.dfu
File: t2aenc.dfu 2022/06/07 v1.3c UTF-8 support
   defining Unicode char U+00A4 (decimal 164)
   defining Unicode char U+00A7 (decimal 167)
   defining Unicode char U+00AB (decimal 171)
   defining Unicode char U+00BB (decimal 187)
   defining Unicode char U+0131 (decimal 305)
   defining Unicode char U+0237 (decimal 567)
   defining Unicode char U+0400 (decimal 1024)
   defining Unicode char U+0401 (decimal 1025)
   defining Unicode char U+0402 (decimal 1026)
   defining Unicode char U+0403 (decimal 1027)
   defining Unicode char U+0404 (decimal 1028)
   defining Unicode char U+0405 (decimal 1029)
   defining Unicode char U+0406 (decimal 1030)
   defining Unicode char U+0407 (decimal 1031)
   defining Unicode char U+0408 (decimal 1032)
   defining Unicode char U+0409 (decimal 1033)
   defining Unicode char U+040A (decimal 1034)
   defining Unicode char U+040B (decimal 1035)
   defining Unicode char U+040C (decimal 1036)
   defining Unicode char U+040D (decimal 1037)
   defining Unicode char U+040E (decimal 1038)
   defining Unicode char U+040F (decimal 1039)
   defining Unicode char U+0410 (decimal 1040)
   defining Unicode char U+0411 (decimal 1041)
   defining Unicode char U+0412 (decimal 1042)
   defining Unicode char U+0413 (decimal 1043)
   defining Unicode char U+0414 (decimal 1044)
   defining Unicode char U+0415 (decimal 1045)
   defining Unicode char U+0416 (decimal 1046)
   defining Unicode char U+0417 (decimal 1047)
   defining Unicode char U+0418 (decimal 1048)
   defining Unicode char U+0419 (decimal 1049)
   defining Unicode char U+041A (decimal 1050)
   defining Unicode char U+041B (decimal 1051)
   defining Unicode char U+041C (decimal 1052)
   defining Unicode char U+041D (decimal 1053)
   defining Unicode char U+041E (decimal 1054)
   defining Unicode char U+041F (decimal 1055)
   defining Unicode char U+0420 (decimal 1056)
   defining Unicode char U+0421 (decimal 1057)
   defining Unicode char U+0422 (decimal 1058)
   defining Unicode char U+0423 (decimal 1059)
   defining Unicode char U+0424 (decimal 1060)
   defining Unicode char U+0425 (decimal 1061)
   defining Unicode char U+0426 (decimal 1062)
   defining Unicode char U+0427 (decimal 1063)
   defining Unicode char U+0428 (decimal 1064)
   defining Unicode char U+0429 (decimal 1065)
   defining Unicode char U+042A (decimal 1066)
   defining Unicode char U+042B (decimal 1067)
   defining Unicode char U+042C (decimal 1068)
   defining Unicode char U+042D (decimal 1069)
   defining Unicode char U+042E (decimal 1070)
   defining Unicode char U+042F (decimal 1071)
   defining Unicode char U+0430 (decimal 1072)
   defining Unicode char U+0431 (decimal 1073)
   defining Unicode char U+0432 (decimal 1074)
   defining Unicode char U+0433 (decimal 1075)
   defining Unicode char U+0434 (decimal 1076)
   defining Unicode char U+0435 (decimal 1077)
   defining Unicode char U+0436 (decimal 1078)
   defining Unicode char U+0437 (decimal 1079)
   defining Unicode char U+0438 (decimal 1080)
   defining Unicode char U+0439 (decimal 1081)
   defining Unicode char U+043A (decimal 1082)
   defining Unicode char U+043B (decimal 1083)
   defining Unicode char U+043C (decimal 1084)
   defining Unicode char U+043D (decimal 1085)
   defining Unicode char U+043E (decimal 1086)
   defining Unicode char U+043F (decimal 1087)
   defining Unicode char U+0440 (decimal 1088)
   defining Unicode char U+0441 (decimal 1089)
   defining Unicode char U+0442 (decimal 1090)
   defining Unicode char U+0443 (decimal 1091)
   defining Unicode char U+0444 (decimal 1092)
   defining Unicode char U+0445 (decimal 1093)
   defining Unicode char U+0446 (decimal 1094)
   defining Unicode char U+0447 (decimal 1095)
   defining Unicode char U+0448 (decimal 1096)
   defining Unicode char U+0449 (decimal 1097)
   defining Unicode char U+044A (decimal 1098)
   defining Unicode char U+044B (decimal 1099)
   defining Unicode char U+044C (decimal 1100)
   defining Unicode char U+044D (decimal 1101)
   defining Unicode char U+044E (decimal 1102)
   defining Unicode char U+044F (decimal 1103)
   defining Unicode char U+0450 (decimal 1104)
   defining Unicode char U+0451 (decimal 1105)
   defining Unicode char U+0452 (decimal 1106)
   defining Unicode char U+0453 (decimal 1107)
   defining Unicode char U+0454 (decimal 1108)
   defining Unicode char U+0455 (decimal 1109)
   defining Unicode char U+0456 (decimal 1110)
   defining Unicode char U+0457 (decimal 1111)
   defining Unicode char U+0458 (decimal 1112)
   defining Unicode char U+0459 (decimal 1113)
   defining Unicode char U+045A (decimal 1114)
   defining Unicode char U+045B (decimal 1115)
   defining Unicode char U+045C (decimal 1116)
   defining Unicode char U+045D (decimal 1117)
   defining Unicode char U+045E (decimal 1118)
   defining Unicode char U+045F (decimal 1119)
   defining Unicode char U+0490 (decimal 1168)
   defining Unicode char U+0491 (decimal 1169)
   defining Unicode char U+0492 (decimal 1170)
   defining Unicode char U+0493 (decimal 1171)
   defining Unicode char U+0496 (decimal 1174)
   defining Unicode char U+0497 (decimal 1175)
   defining Unicode char U+0498 (decimal 1176)
   defining Unicode char U+0499 (decimal 1177)
   defining Unicode char U+049A (decimal 1178)
   defining Unicode char U+049B (decimal 1179)
   defining Unicode char U+049C (decimal 1180)
   defining Unicode char U+049D (decimal 1181)
   defining Unicode char U+04A0 (decimal 1184)
   defining Unicode char U+04A1 (decimal 1185)
   defining Unicode char U+04A2 (decimal 1186)
   defining Unicode char U+04A3 (decimal 1187)
   defining Unicode char U+04A4 (decimal 1188)
   defining Unicode char U+04A5 (decimal 1189)
   defining Unicode char U+04AA (decimal 1194)
   defining Unicode char U+04AB (decimal 1195)
   defining Unicode char U+04AE (decimal 1198)
   defining Unicode char U+04AF (decimal 1199)
   defining Unicode char U+04B0 (decimal 1200)
   defining Unicode char U+04B1 (decimal 1201)
   defining Unicode char U+04B2 (decimal 1202)
   defining Unicode char U+04B3 (decimal 1203)
   defining Unicode char U+04B6 (decimal 1206)
   defining Unicode char U+04B7 (decimal 1207)
   defining Unicode char U+04B8 (decimal 1208)
   defining Unicode char U+04B9 (decimal 1209)
   defining Unicode char U+04BA (decimal 1210)
   defining Unicode char U+04BB (decimal 1211)
   defining Unicode char U+04C0 (decimal 1216)
   defining Unicode char U+04C1 (decimal 1217)
   defining Unicode char U+04C2 (decimal 1218)
   defining Unicode char U+04D0 (decimal 1232)
   defining Unicode char U+04D1 (decimal 1233)
   defining Unicode char U+04D2 (decimal 1234)
   defining Unicode char U+04D3 (decimal 1235)
   defining Unicode char U+04D4 (decimal 1236)
   defining Unicode char U+04D5 (decimal 1237)
   defining Unicode char U+04D6 (decimal 1238)
   defining Unicode char U+04D7 (decimal 1239)
   defining Unicode char U+04D8 (decimal 1240)
   defining Unicode char U+04D9 (decimal 1241)
   defining Unicode char U+04DA (decimal 1242)
   defining Unicode char U+04DB (decimal 1243)
   defining Unicode char U+04DC (decimal 1244)
   defining Unicode char U+04DD (decimal 1245)
   defining Unicode char U+04DE (decimal 1246)
   defining Unicode char U+04DF (decimal 1247)
   defining Unicode char U+04E2 (decimal 1250)
   defining Unicode char U+04E3 (decimal 1251)
   defining Unicode char U+04E4 (decimal 1252)
   defining Unicode char U+04E5 (decimal 1253)
   defining Unicode char U+04E6 (decimal 1254)
   defining Unicode char U+04E7 (decimal 1255)
   defining Unicode char U+04E8 (decimal 1256)
   defining Unicode char U+04E9 (decimal 1257)
   defining Unicode char U+04EC (decimal 1260)
   defining Unicode char U+04ED (decimal 1261)
   defining Unicode char U+04EE (decimal 1262)
   defining Unicode char U+04EF (decimal 1263)
   defining Unicode char U+04F0 (decimal 1264)
   defining Unicode char U+04F1 (decimal 1265)
   defining Unicode char U+04F2 (decimal 1266)
   defining Unicode char U+04F3 (decimal 1267)
   defining Unicode char U+04F4 (decimal 1268)
   defining Unicode char U+04F5 (decimal 1269)
   defining Unicode char U+04F8 (decimal 1272)
   defining Unicode char U+04F9 (decimal 1273)
   defining Unicode char U+200C (decimal 8204)
   defining Unicode char U+2013 (decimal 8211)
   defining Unicode char U+2014 (decimal 8212)
   defining Unicode char U+2018 (decimal 8216)
   defining Unicode char U+2019 (decimal 8217)
   defining Unicode char U+201C (decimal 8220)
   defining Unicode char U+201D (decimal 8221)
   defining Unicode char U+201E (decimal 8222)
   defining Unicode char U+2030 (decimal 8240)
   defining Unicode char U+2031 (decimal 8241)
   defining Unicode char U+2116 (decimal 8470)
   defining Unicode char U+2329 (decimal 9001)
   defining Unicode char U+3008 (decimal 12296)
   defining Unicode char U+232A (decimal 9002)
   defining Unicode char U+3009 (decimal 12297)
   defining Unicode char U+2423 (decimal 9251)
   defining Unicode char U+27E8 (decimal 10216)
   defining Unicode char U+27E9 (decimal 10217)
   defining Unicode char U+FB00 (decimal 64256)
   defining Unicode char U+FB01 (decimal 64257)
   defining Unicode char U+FB02 (decimal 64258)
   defining Unicode char U+FB03 (decimal 64259)
   defining Unicode char U+FB04 (decimal 64260)
   defining Unicode char U+FB05 (decimal 64261)
   defining Unicode char U+FB06 (decimal 64262)
))
(/usr/share/texlive/texmf-dist/tex/latex/greek-fontenc/lgrenc.def
File: lgrenc.def 2023-09-12 2.5 LGR Greek font encoding definitions
Now handling font encoding LGR ...
... processing UTF-8 mapping file for font encoding LGR

(/usr/share/texlive/texmf-dist/tex/latex/greek-inputenc/lgrenc.dfu
File: lgrenc.dfu 2023-03-21 1.9 UTF-8 support for Greek
   defining Unicode char U+00A8 (decimal 168)
   defining Unicode char U+00AB (decimal 171)
   defining Unicode char U+00AF (decimal 175)
   defining Unicode char U+00B4 (decimal 180)
   defining Unicode char U+00B7 (decimal 183)
   defining Unicode char U+00BB (decimal 187)
   defining Unicode char U+0259 (decimal 601)
   defining Unicode char U+02D8 (decimal 728)
   defining Unicode char U+0374 (decimal 884)
   defining Unicode char U+0375 (decimal 885)
   defining Unicode char U+037A (decimal 890)
   defining Unicode char U+037E (decimal 894)
   defining Unicode char U+0384 (decimal 900)
   defining Unicode char U+0385 (decimal 901)
   defining Unicode char U+0386 (decimal 902)
   defining Unicode char U+0387 (decimal 903)
   defining Unicode char U+0388 (decimal 904)
   defining Unicode char U+0389 (decimal 905)
   defining Unicode char U+038A (decimal 906)
   defining Unicode char U+038C (decimal 908)
   defining Unicode char U+038E (decimal 910)
   defining Unicode char U+038F (decimal 911)
   defining Unicode char U+0390 (decimal 912)
   defining Unicode char U+0391 (decimal 913)
   defining Unicode char U+0392 (decimal 914)
   defining Unicode char U+0393 (decimal 915)
   defining Unicode char U+0394 (decimal 916)
   defining Unicode char U+0395 (decimal 917)
   defining Unicode char U+0396 (decimal 918)
   defining Unicode char U+0397 (decimal 919)
   defining Unicode char U+0398 (decimal 920)
   defining Unicode char U+0399 (decimal 921)
   defining Unicode char U+039A (decimal 922)
   defining Unicode char U+039B (decimal 923)
   defining Unicode char U+039C (decimal 924)
   defining Unicode char U+039D (decimal 925)
   defining Unicode char U+039E (decimal 926)
   defining Unicode char U+039F (decimal 927)
   defining Unicode char U+03A0 (decimal 928)
   defining Unicode char U+03A1 (decimal 929)
   defining Unicode char U+03A3 (decimal 931)
   defining Unicode char U+03A4 (decimal 932)
   defining Unicode char U+03A5 (decimal 933)
   defining Unicode char U+03A6 (decimal 934)
   defining Unicode char U+03A7 (decimal 935)
   defining Unicode char U+03A8 (decimal 936)
   defining Unicode char U+03A9 (decimal 937)
   defining Unicode char U+03AA (decimal 938)
   defining Unicode char U+03AB (decimal 939)
   defining Unicode char U+03AC (decimal 940)
   defining Unicode char U+03AD (decimal 941)
   defining Unicode char U+03AE (decimal 942)
   defining Unicode char U+03AF (decimal 943)
   defining Unicode char U+03B0 (decimal 944)
   defining Unicode char U+03B1 (decimal 945)
   defining Unicode char U+03B2 (decimal 946)
   defining Unicode char U+03B3 (decimal 947)
   defining Unicode char U+03B4 (decimal 948)
   defining Unicode char U+03B5 (decimal 949)
   defining Unicode char U+03B6 (decimal 950)
   defining Unicode char U+03B7 (decimal 951)
   defining Unicode char U+03B8 (decimal 952)
   defining Unicode char U+03B9 (decimal 953)
   defining Unicode char U+03BA (decimal 954)
   defining Unicode char U+03BB (decimal 955)
   defining Unicode char U+03BC (decimal 956)
   defining Unicode char U+03BD (decimal 957)
   defining Unicode char U+03BE (decimal 958)
   defining Unicode char U+03BF (decimal 959)
   defining Unicode char U+03C0 (decimal 960)
   defining Unicode char U+03C1 (decimal 961)
   defining Unicode char U+03C2 (decimal 962)
   defining Unicode char U+03C3 (decimal 963)
   defining Unicode char U+03C4 (decimal 964)
   defining Unicode char U+03C5 (decimal 965)
   defining Unicode char U+03C6 (decimal 966)
   defining Unicode char U+03C7 (decimal 967)
   defining Unicode char U+03C8 (decimal 968)
   defining Unicode char U+03C9 (decimal 969)
   defining Unicode char U+03CA (decimal 970)
   defining Unicode char U+03CB (decimal 971)
   defining Unicode char U+03CC (decimal 972)
   defining Unicode char U+03CD (decimal 973)
   defining Unicode char U+03CE (decimal 974)
   defining Unicode char U+03D0 (decimal 976)
   defining Unicode char U+03D1 (decimal 977)
   defining Unicode char U+03D5 (decimal 981)
   defining Unicode char U+03D6 (decimal 982)
   defining Unicode char U+03D8 (decimal 984)
   defining Unicode char U+03D9 (decimal 985)
   defining Unicode char U+03DA (decimal 986)
   defining Unicode char U+03DB (decimal 987)
   defining Unicode char U+03DC (decimal 988)
   defining Unicode char U+03DD (decimal 989)
   defining Unicode char U+03DE (decimal 990)
   defining Unicode char U+03DF (decimal 991)
   defining Unicode char U+03E0 (decimal 992)
   defining Unicode char U+03E1 (decimal 993)
   defining Unicode char U+03F0 (decimal 1008)
   defining Unicode char U+03F1 (decimal 1009)
   defining Unicode char U+03F4 (decimal 1012)
   defining Unicode char U+03F5 (decimal 1013)
   defining Unicode char U+1F00 (decimal 7936)
   defining Unicode char U+1F01 (decimal 7937)
   defining Unicode char U+1F02 (decimal 7938)
   defining Unicode char U+1F03 (decimal 7939)
   defining Unicode char U+1F04 (decimal 7940)
   defining Unicode char U+1F05 (decimal 7941)
   defining Unicode char U+1F06 (decimal 7942)
   defining Unicode char U+1F07 (decimal 7943)
   defining Unicode char U+1F08 (decimal 7944)
   defining Unicode char U+1F09 (decimal 7945)
   defining Unicode char U+1F0A (decimal 7946)
   defining Unicode char U+1F0B (decimal 7947)
   defining Unicode char U+1F0C (decimal 7948)
   defining Unicode char U+1F0D (decimal 7949)
   defining Unicode char U+1F0E (decimal 7950)
   defining Unicode char U+1F0F (decimal 7951)
   defining Unicode char U+1F10 (decimal 7952)
   defining Unicode char U+1F11 (decimal 7953)
   defining Unicode char U+1F12 (decimal 7954)
   defining Unicode char U+1F13 (decimal 7955)
   defining Unicode char U+1F14 (decimal 7956)
   defining Unicode char U+1F15 (decimal 7957)
   defining Unicode char U+1F18 (decimal 7960)
   defining Unicode char U+1F19 (decimal 7961)
   defining Unicode char U+1F1A (decimal 7962)
   defining Unicode char U+1F1B (decimal 7963)
   defining Unicode char U+1F1C (decimal 7964)
   defining Unicode char U+1F1D (decimal 7965)
   defining Unicode char U+1F20 (decimal 7968)
   defining Unicode char U+1F21 (decimal 7969)
   defining Unicode char U+1F22 (decimal 7970)
   defining Unicode char U+1F23 (decimal 7971)
   defining Unicode char U+1F24 (decimal 7972)
   defining Unicode char U+1F25 (decimal 7973)
   defining Unicode char U+1F26 (decimal 7974)
   defining Unicode char U+1F27 (decimal 7975)
   defining Unicode char U+1F28 (decimal 7976)
   defining Unicode char U+1F29 (decimal 7977)
   defining Unicode char U+1F2A (decimal 7978)
   defining Unicode char U+1F2B (decimal 7979)
   defining Unicode char U+1F2C (decimal 7980)
   defining Unicode char U+1F2D (decimal 7981)
   defining Unicode char U+1F2E (decimal 7982)
   defining Unicode char U+1F2F (decimal 7983)
   defining Unicode char U+1F30 (decimal 7984)
   defining Unicode char U+1F31 (decimal 7985)
   defining Unicode char U+1F32 (decimal 7986)
   defining Unicode char U+1F33 (decimal 7987)
   defining Unicode char U+1F34 (decimal 7988)
   defining Unicode char U+1F35 (decimal 7989)
   defining Unicode char U+1F36 (decimal 7990)
   defining Unicode char U+1F37 (decimal 7991)
   defining Unicode char U+1F38 (decimal 7992)
   defining Unicode char U+1F39 (decimal 7993)
   defining Unicode char U+1F3A (decimal 7994)
   defining Unicode char U+1F3B (decimal 7995)
   defining Unicode char U+1F3C (decimal 7996)
   defining Unicode char U+1F3D (decimal 7997)
   defining Unicode char U+1F3E (decimal 7998)
   defining Unicode char U+1F3F (decimal 7999)
   defining Unicode char U+1F40 (decimal 8000)
   defining Unicode char U+1F41 (decimal 8001)
   defining Unicode char U+1F42 (decimal 8002)
   defining Unicode char U+1F43 (decimal 8003)
   defining Unicode char U+1F44 (decimal 8004)
   defining Unicode char U+1F45 (decimal 8005)
   defining Unicode char U+1F48 (decimal 8008)
   defining Unicode char U+1F49 (decimal 8009)
   defining Unicode char U+1F4A (decimal 8010)
   defining Unicode char U+1F4B (decimal 8011)
   defining Unicode char U+1F4C (decimal 8012)
   defining Unicode char U+1F4D (decimal 8013)
   defining Unicode char U+1F50 (decimal 8016)
   defining Unicode char U+1F51 (decimal 8017)
   defining Unicode char U+1F52 (decimal 8018)
   defining Unicode char U+1F53 (decimal 8019)
   defining Unicode char U+1F54 (decimal 8020)
   defining Unicode char U+1F55 (decimal 8021)
   defining Unicode char U+1F56 (decimal 8022)
   defining Unicode char U+1F57 (decimal 8023)
   defining Unicode char U+1F59 (decimal 8025)
   defining Unicode char U+1F5B (decimal 8027)
   defining Unicode char U+1F5D (decimal 8029)
   defining Unicode char U+1F5F (decimal 8031)
   defining Unicode char U+1F60 (decimal 8032)
   defining Unicode char U+1F61 (decimal 8033)
   defining Unicode char U+1F62 (decimal 8034)
   defining Unicode char U+1F63 (decimal 8035)
   defining Unicode char U+1F64 (decimal 8036)
   defining Unicode char U+1F65 (decimal 8037)
   defining Unicode char U+1F66 (decimal 8038)
   defining Unicode char U+1F67 (decimal 8039)
   defining Unicode char U+1F68 (decimal 8040)
   defining Unicode char U+1F69 (decimal 8041)
   defining Unicode char U+1F6A (decimal 8042)
   defining Unicode char U+1F6B (decimal 8043)
   defining Unicode char U+1F6C (decimal 8044)
   defining Unicode char U+1F6D (decimal 8045)
   defining Unicode char U+1F6E (decimal 8046)
   defining Unicode char U+1F6F (decimal 8047)
   defining Unicode char U+1F70 (decimal 8048)
   defining Unicode char U+1F71 (decimal 8049)
   defining Unicode char U+1F72 (decimal 8050)
   defining Unicode char U+1F73 (decimal 8051)
   defining Unicode char U+1F74 (decimal 8052)
   defining Unicode char U+1F75 (decimal 8053)
   defining Unicode char U+1F76 (decimal 8054)
   defining Unicode char U+1F77 (decimal 8055)
   defining Unicode char U+1F78 (decimal 8056)
   defining Unicode char U+1F79 (decimal 8057)
   defining Unicode char U+1F7A (decimal 8058)
   defining Unicode char U+1F7B (decimal 8059)
   defining Unicode char U+1F7C (decimal 8060)
   defining Unicode char U+1F7D (decimal 8061)
   defining Unicode char U+1F80 (decimal 8064)
   defining Unicode char U+1F81 (decimal 8065)
   defining Unicode char U+1F82 (decimal 8066)
   defining Unicode char U+1F83 (decimal 8067)
   defining Unicode char U+1F84 (decimal 8068)
   defining Unicode char U+1F85 (decimal 8069)
   defining Unicode char U+1F86 (decimal 8070)
   defining Unicode char U+1F87 (decimal 8071)
   defining Unicode char U+1F88 (decimal 8072)
   defining Unicode char U+1F89 (decimal 8073)
   defining Unicode char U+1F8A (decimal 8074)
   defining Unicode char U+1F8B (decimal 8075)
   defining Unicode char U+1F8C (decimal 8076)
   defining Unicode char U+1F8D (decimal 8077)
   defining Unicode char U+1F8E (decimal 8078)
   defining Unicode char U+1F8F (decimal 8079)
   defining Unicode char U+1F90 (decimal 8080)
   defining Unicode char U+1F91 (decimal 8081)
   defining Unicode char U+1F92 (decimal 8082)
   defining Unicode char U+1F93 (decimal 8083)
   defining Unicode char U+1F94 (decimal 8084)
   defining Unicode char U+1F95 (decimal 8085)
   defining Unicode char U+1F96 (decimal 8086)
   defining Unicode char U+1F97 (decimal 8087)
   defining Unicode char U+1F98 (decimal 8088)
   defining Unicode char U+1F99 (decimal 8089)
   defining Unicode char U+1F9A (decimal 8090)
   defining Unicode char U+1F9B (decimal 8091)
   defining Unicode char U+1F9C (decimal 8092)
   defining Unicode char U+1F9D (decimal 8093)
   defining Unicode char U+1F9E (decimal 8094)
   defining Unicode char U+1F9F (decimal 8095)
   defining Unicode char U+1FA0 (decimal 8096)
   defining Unicode char U+1FA1 (decimal 8097)
   defining Unicode char U+1FA2 (decimal 8098)
   defining Unicode char U+1FA3 (decimal 8099)
   defining Unicode char U+1FA4 (decimal 8100)
   defining Unicode char U+1FA5 (decimal 8101)
   defining Unicode char U+1FA6 (decimal 8102)
   defining Unicode char U+1FA7 (decimal 8103)
   defining Unicode char U+1FA8 (decimal 8104)
   defining Unicode char U+1FA9 (decimal 8105)
   defining Unicode char U+1FAA (decimal 8106)
   defining Unicode char U+1FAB (decimal 8107)
   defining Unicode char U+1FAC (decimal 8108)
   defining Unicode char U+1FAD (decimal 8109)
   defining Unicode char U+1FAE (decimal 8110)
   defining Unicode char U+1FAF (decimal 8111)
   defining Unicode char U+1FB0 (decimal 8112)
   defining Unicode char U+1FB1 (decimal 8113)
   defining Unicode char U+1FB2 (decimal 8114)
   defining Unicode char U+1FB3 (decimal 8115)
   defining Unicode char U+1FB4 (decimal 8116)
   defining Unicode char U+1FB6 (decimal 8118)
   defining Unicode char U+1FB7 (decimal 8119)
   defining Unicode char U+1FB8 (decimal 8120)
   defining Unicode char U+1FB9 (decimal 8121)
   defining Unicode char U+1FBA (decimal 8122)
   defining Unicode char U+1FBB (decimal 8123)
   defining Unicode char U+1FBC (decimal 8124)
   defining Unicode char U+1FBD (decimal 8125)
   defining Unicode char U+1FBE (decimal 8126)
   defining Unicode char U+1FBF (decimal 8127)
   defining Unicode char U+1FC0 (decimal 8128)
   defining Unicode char U+1FC1 (decimal 8129)
   defining Unicode char U+1FC2 (decimal 8130)
   defining Unicode char U+1FC3 (decimal 8131)
   defining Unicode char U+1FC4 (decimal 8132)
   defining Unicode char U+1FC6 (decimal 8134)
   defining Unicode char U+1FC7 (decimal 8135)
   defining Unicode char U+1FC8 (decimal 8136)
   defining Unicode char U+1FC9 (decimal 8137)
   defining Unicode char U+1FCA (decimal 8138)
   defining Unicode char U+1FCB (decimal 8139)
   defining Unicode char U+1FCC (decimal 8140)
   defining Unicode char U+1FCD (decimal 8141)
   defining Unicode char U+1FCE (decimal 8142)
   defining Unicode char U+1FCF (decimal 8143)
   defining Unicode char U+1FD0 (decimal 8144)
   defining Unicode char U+1FD1 (decimal 8145)
   defining Unicode char U+1FD2 (decimal 8146)
   defining Unicode char U+1FD3 (decimal 8147)
   defining Unicode char U+1FD6 (decimal 8150)
   defining Unicode char U+1FD7 (decimal 8151)
   defining Unicode char U+1FD8 (decimal 8152)
   defining Unicode char U+1FD9 (decimal 8153)
   defining Unicode char U+1FDA (decimal 8154)
   defining Unicode char U+1FDB (decimal 8155)
   defining Unicode char U+1FDD (decimal 8157)
   defining Unicode char U+1FDE (decimal 8158)
   defining Unicode char U+1FDF (decimal 8159)
   defining Unicode char U+1FE0 (decimal 8160)
   defining Unicode char U+1FE1 (decimal 8161)
   defining Unicode char U+1FE2 (decimal 8162)
   defining Unicode char U+1FE3 (decimal 8163)
   defining Unicode char U+1FE4 (decimal 8164)
   defining Unicode char U+1FE5 (decimal 8165)
   defining Unicode char U+1FE6 (decimal 8166)
   defining Unicode char U+1FE7 (decimal 8167)
   defining Unicode char U+1FE8 (decimal 8168)
   defining Unicode char U+1FE9 (decimal 8169)
   defining Unicode char U+1FEA (decimal 8170)
   defining Unicode char U+1FEB (decimal 8171)
   defining Unicode char U+1FEC (decimal 8172)
   defining Unicode char U+1FED (decimal 8173)
   defining Unicode char U+1FEE (decimal 8174)
   defining Unicode char U+1FEF (decimal 8175)
   defining Unicode char U+1FF2 (decimal 8178)
   defining Unicode char U+1FF3 (decimal 8179)
   defining Unicode char U+1FF4 (decimal 8180)
   defining Unicode char U+1FF6 (decimal 8182)
   defining Unicode char U+1FF7 (decimal 8183)
   defining Unicode char U+1FF8 (decimal 8184)
   defining Unicode char U+1FF9 (decimal 8185)
   defining Unicode char U+1FFA (decimal 8186)
   defining Unicode char U+1FFB (decimal 8187)
   defining Unicode char U+1FFC (decimal 8188)
   defining Unicode char U+1FFD (decimal 8189)
   defining Unicode char U+1FFE (decimal 8190)
   defining Unicode char U+2013 (decimal 8211)
   defining Unicode char U+2014 (decimal 8212)
   defining Unicode char U+2018 (decimal 8216)
   defining Unicode char U+2019 (decimal 8217)
   defining Unicode char U+201A (decimal 8218)
   defining Unicode char U+2030 (decimal 8240)
   defining Unicode char U+2039 (decimal 8249)
   defining Unicode char U+203A (decimal 8250)
   defining Unicode char U+20AC (decimal 8364)
   defining Unicode char U+2126 (decimal 8486)
   defining Unicode char U+10144 (decimal 65860)
   defining Unicode char U+10145 (decimal 65861)
   defining Unicode char U+10146 (decimal 65862)
   defining Unicode char U+10147 (decimal 65863)
)
(/usr/share/texlive/texmf-dist/tex/latex/greek-fontenc/greek-fontenc.def
File: greek-fontenc.def 2023-09-12 2.5 Common Greek font encoding definitions
))<<t1.cmap>>) (/usr/share/texlive/texmf-dist/tex/latex/base/textcomp.sty
Package: textcomp 2020/02/02 v2.0n Standard LaTeX package
)
(/usr/share/texlive/texmf-dist/tex/latex/fontaxes/fontaxes.sty
Package: fontaxes 2020/07/21 v1.0e Font selection axes
LaTeX Info: Redefining \upshape on input line 29.
LaTeX Info: Redefining \itshape on input line 31.
LaTeX Info: Redefining \slshape on input line 33.
LaTeX Info: Redefining \swshape on input line 35.
LaTeX Info: Redefining \scshape on input line 37.
LaTeX Info: Redefining \sscshape on input line 39.
LaTeX Info: Redefining \ulcshape on input line 41.
LaTeX Info: Redefining \textsw on input line 47.
LaTeX Info: Redefining \textssc on input line 48.
LaTeX Info: Redefining \textulc on input line 49.
)
(/usr/share/texlive/texmf-dist/tex/latex/xkeyval/xkeyval.sty
Package: xkeyval 2022/06/16 v2.9 package option processing (HA)

(/usr/share/texlive/texmf-dist/tex/generic/xkeyval/xkeyval.tex
(/usr/share/texlive/texmf-dist/tex/generic/xkeyval/xkvutils.tex
\XKV@toks=\toks26
\XKV@tempa@toks=\toks27
)
\XKV@depth=\count290
File: xkeyval.tex 2014/12/03 v2.7a key=value parser (HA)
)))
(/usr/share/texlive/texmf-dist/tex/latex/base/fontenc.sty
Package: fontenc 2021/04/29 v2.0v Standard LaTeX package
LaTeX Font Info:    Trying to load font information for T2A+Tempora-TLF on inpu
t line 112.

(/usr/share/texlive/texmf-dist/tex/latex/tempora/t2atempora-tlf.fd
File: t2atempora-tlf.fd 2015/09/13 Font definitions for T2A/Tempora-TLF.
)
LaTeX Font Info:    Font shape `T2A/Tempora-TLF/m/n' will be
(Font)              scaled to size 12.0pt on input line 112.
<<t2a.cmap>>) (/usr/share/texlive/texmf-dist/tex/latex/base/inputenc.sty
Package: inputenc 2021/02/14 v1.3d Input encoding file
\inpenc@prehook=\toks28
\inpenc@posthook=\toks29
)
(/usr/share/texlive/texmf-dist/tex/generic/babel/babel.sty
Package: babel 2024/01/07 v24.1 The Babel package
\babel@savecnt=\count291
\U@D=\dimen154
\l@unhyphenated=\language18

(/usr/share/texlive/texmf-dist/tex/generic/babel/txtbabel.def)
\bbl@readstream=\read2
\bbl@dirlevel=\count292

(/usr/share/texlive/texmf-dist/tex/generic/babel-russian/russianb.ldf
File: russianb.ldf 2021/01/10 1.3m Russian support for the Babel system
Language: russian 2020/09/09 1.3k Russian support for the Babel system
Package babel Info: Making " an active character on input line 124.
Package babel Info: Default for \cyrdash is provided on input line 163.
))
(/usr/share/texlive/texmf-dist/tex/generic/babel/locale/ru/babel-russian.tex
Package babel Info: Importing font and identification data for russian
(babel)             from babel-ru.ini. Reported on input line 11.
)
(/usr/share/texlive/texmf-dist/tex/latex/dejavu/DejaVuSansMono.sty
Package: DejaVuSansMono 2011/06/01 Style file for DejaVuSansMono.
)
(/usr/share/texlive/texmf-dist/tex/latex/amsfonts/amsfonts.sty
Package: amsfonts 2013/01/14 v3.01 Basic AMSFonts support
\@emptytoks=\toks30
\symAMSa=\mathgroup4
\symAMSb=\mathgroup5
LaTeX Font Info:    Redeclaring math symbol \hbar on input line 98.
LaTeX Font Info:    Overwriting math alphabet `\mathfrak' in version `bold'
(Font)                  U/euf/m/n --> U/euf/b/n on input line 106.
)
(/usr/share/texlive/texmf-dist/tex/latex/amsmath/amstext.sty
Package: amstext 2021/08/26 v2.01 AMS text

(/usr/share/texlive/texmf-dist/tex/latex/amsmath/amsgen.sty
File: amsgen.sty 1999/11/30 v2.0 generic functions
\@emptytoks=\toks31
\ex@=\dimen155
))
(/usr/share/texlive/texmf-dist/tex/latex/amsfonts/amssymb.sty
Package: amssymb 2013/01/14 v3.01 AMS font symbols
)
(/usr/share/texlive/texmf-dist/tex/latex/amscls/amsthm.sty
Package: amsthm 2020/05/29 v2.20.6
\thm@style=\toks32
\thm@bodyfont=\toks33
\thm@headfont=\toks34
\thm@notefont=\toks35
\thm@headpunct=\toks36
\thm@preskip=\skip64
\thm@postskip=\skip65
\thm@headsep=\skip66
\dth@everypar=\toks37
)
(/usr/share/texlive/texmf-dist/tex/latex/amsmath/amsmath.sty
Package: amsmath 2023/05/13 v2.17o AMS math features
\@mathmargin=\skip67

For additional information on amsmath, use the `?' option.
(/usr/share/texlive/texmf-dist/tex/latex/amsmath/amsbsy.sty
Package: amsbsy 1999/11/29 v1.2d Bold Symbols
\pmbraise@=\dimen156
)
(/usr/share/texlive/texmf-dist/tex/latex/amsmath/amsopn.sty
Package: amsopn 2022/04/08 v2.04 operator names
)
\inf@bad=\count293
LaTeX Info: Redefining \frac on input line 234.
\uproot@=\count294
\leftroot@=\count295
LaTeX Info: Redefining \overline on input line 399.
LaTeX Info: Redefining \colon on input line 410.
\classnum@=\count296
\DOTSCASE@=\count297
LaTeX Info: Redefining \ldots on input line 496.
LaTeX Info: Redefining \dots on input line 499.
LaTeX Info: Redefining \cdots on input line 620.
\Mathstrutbox@=\box63
\strutbox@=\box64
LaTeX Info: Redefining \big on input line 722.
LaTeX Info: Redefining \Big on input line 723.
LaTeX Info: Redefining \bigg on input line 724.
LaTeX Info: Redefining \Bigg on input line 725.
\big@size=\dimen157
LaTeX Font Info:    Redeclaring font encoding OML on input line 743.
LaTeX Font Info:    Redeclaring font encoding OMS on input line 744.
\macc@depth=\count298
LaTeX Info: Redefining \bmod on input line 905.
LaTeX Info: Redefining \pmod on input line 910.
LaTeX Info: Redefining \smash on input line 940.
LaTeX Info: Redefining \relbar on input line 970.
LaTeX Info: Redefining \Relbar on input line 971.
\c@MaxMatrixCols=\count299
\dotsspace@=\muskip17
\c@parentequation=\count300
\dspbrk@lvl=\count301
\tag@help=\toks38
\row@=\count302
\column@=\count303
\maxfields@=\count304
\andhelp@=\toks39
\eqnshift@=\dimen158
\alignsep@=\dimen159
\tagshift@=\dimen160
\tagwidth@=\dimen161
\totwidth@=\dimen162
\lineht@=\dimen163
\@envbody=\toks40
\multlinegap=\skip68
\multlinetaggap=\skip69
\mathdisplay@stack=\toks41
LaTeX Info: Redefining \[ on input line 2953.
LaTeX Info: Redefining \] on input line 2954.
)
(/usr/share/texlive/texmf-dist/tex/latex/graphics/graphicx.sty
Package: graphicx 2021/09/16 v1.2d Enhanced LaTeX Graphics (DPC,SPQR)

(/usr/share/texlive/texmf-dist/tex/latex/graphics/graphics.sty
Package: graphics 2022/03/10 v1.4e Standard LaTeX Graphics (DPC,SPQR)

(/usr/share/texlive/texmf-dist/tex/latex/graphics/trig.sty
Package: trig 2021/08/11 v1.11 sin cos tan (DPC)
)
(/usr/share/texlive/texmf-dist/tex/latex/graphics-cfg/graphics.cfg
File: graphics.cfg 2016/06/04 v1.11 sample graphics configuration
)
Package graphics Info: Driver file: pdftex.def on input line 107.

(/usr/share/texlive/texmf-dist/tex/latex/graphics-def/pdftex.def
File: pdftex.def 2022/09/22 v1.2b Graphics/color driver for pdftex
))
\Gin@req@height=\dimen164
\Gin@req@width=\dimen165
)
(/usr/share/texlive/texmf-dist/tex/latex/subfig/subfig.sty
Package: subfig 2005/06/28 ver: 1.3 subfig package

(/usr/share/texlive/texmf-dist/tex/latex/caption/caption.sty
Package: caption 2023/08/05 v3.6o Customizing captions (AR)

(/usr/share/texlive/texmf-dist/tex/latex/caption/caption3.sty
Package: caption3 2023/07/31 v2.4d caption3 kernel (AR)
\caption@tempdima=\dimen166
\captionmargin=\dimen167
\caption@leftmargin=\dimen168
\caption@rightmargin=\dimen169
\caption@width=\dimen170
\caption@indent=\dimen171
\caption@parindent=\dimen172
\caption@hangindent=\dimen173
Package caption Info: Standard document class detected.
)
\c@caption@flags=\count305
\c@continuedfloat=\count306
Package caption Info: float package is loaded.
Package caption Info: hyperref package is loaded.
Package caption Info: longtable package is loaded.

(/usr/share/texlive/texmf-dist/tex/latex/caption/ltcaption.sty
Package: ltcaption 2021/01/08 v1.4c longtable captions (AR)
))
\c@KVtest=\count307
\sf@farskip=\skip70
\sf@captopadj=\dimen174
\sf@capskip=\skip71
\sf@nearskip=\skip72
\c@subfigure=\count308
\c@subfigure@save=\count309
\c@lofdepth=\count310
\c@subtable=\count311
\c@subtable@save=\count312
\c@lotdepth=\count313
\sf@top=\skip73
\sf@bottom=\skip74
)
(/usr/share/texlive/texmf-dist/tex/latex/graphics/color.sty
Package: color 2022/01/06 v1.3d Standard LaTeX Color (DPC)

(/usr/share/texlive/texmf-dist/tex/latex/graphics-cfg/color.cfg
File: color.cfg 2016/01/02 v1.6 sample color configuration
)
Package color Info: Driver file: pdftex.def on input line 149.

(/usr/share/texlive/texmf-dist/tex/latex/graphics/mathcolor.ltx))
(/usr/share/texlive/texmf-dist/tex/latex/tocbibind/tocbibind.sty
Package: tocbibind 2010/10/13 v1.5k extra ToC listings
Package tocbibind Info: The document has section divisions on input line 50.


Package tocbibind Note: Using section or other style headings.

) (/usr/share/texlive/texmf-dist/tex/latex/tools/verbatim.sty
Package: verbatim 2023-11-06 v1.5v LaTeX2e package for verbatim enhancements
\every@verbatim=\toks42
\verbatim@line=\toks43
\verbatim@in@stream=\read3
)
(/usr/share/texlive/texmf-dist/tex/latex/listings/listings.sty
\lst@mode=\count314
\lst@gtempboxa=\box65
\lst@token=\toks44
\lst@length=\count315
\lst@currlwidth=\dimen175
\lst@column=\count316
\lst@pos=\count317
\lst@lostspace=\dimen176
\lst@width=\dimen177
\lst@newlines=\count318
\lst@lineno=\count319
\lst@maxwidth=\dimen178

(/usr/share/texlive/texmf-dist/tex/latex/listings/lstmisc.sty
File: lstmisc.sty 2023/02/27 1.9 (Carsten Heinz)
\c@lstnumber=\count320
\lst@skipnumbers=\count321
\lst@framebox=\box66
)
(/usr/share/texlive/texmf-dist/tex/latex/listings/listings.cfg
File: listings.cfg 2023/02/27 1.9 listings configuration
))
Package: listings 2023/02/27 1.9 (Carsten Heinz)

(/usr/share/texlive/texmf-dist/tex/latex/pgf/frontendlayer/tikz.sty
(/usr/share/texlive/texmf-dist/tex/latex/pgf/basiclayer/pgf.sty
(/usr/share/texlive/texmf-dist/tex/latex/pgf/utilities/pgfrcs.sty
(/usr/share/texlive/texmf-dist/tex/generic/pgf/utilities/pgfutil-common.tex
\pgfutil@everybye=\toks45
\pgfutil@tempdima=\dimen179
\pgfutil@tempdimb=\dimen180
)
(/usr/share/texlive/texmf-dist/tex/generic/pgf/utilities/pgfutil-latex.def
\pgfutil@abb=\box67
)
(/usr/share/texlive/texmf-dist/tex/generic/pgf/utilities/pgfrcs.code.tex
(/usr/share/texlive/texmf-dist/tex/generic/pgf/pgf.revision.tex)
Package: pgfrcs 2023-01-15 v3.1.10 (3.1.10)
))
Package: pgf 2023-01-15 v3.1.10 (3.1.10)

(/usr/share/texlive/texmf-dist/tex/latex/pgf/basiclayer/pgfcore.sty
(/usr/share/texlive/texmf-dist/tex/latex/pgf/systemlayer/pgfsys.sty
(/usr/share/texlive/texmf-dist/tex/generic/pgf/systemlayer/pgfsys.code.tex
Package: pgfsys 2023-01-15 v3.1.10 (3.1.10)

(/usr/share/texlive/texmf-dist/tex/generic/pgf/utilities/pgfkeys.code.tex
\pgfkeys@pathtoks=\toks46
\pgfkeys@temptoks=\toks47

(/usr/share/texlive/texmf-dist/tex/generic/pgf/utilities/pgfkeyslibraryfiltered
.code.tex
\pgfkeys@tmptoks=\toks48
))
\pgf@x=\dimen181
\pgf@y=\dimen182
\pgf@xa=\dimen183
\pgf@ya=\dimen184
\pgf@xb=\dimen185
\pgf@yb=\dimen186
\pgf@xc=\dimen187
\pgf@yc=\dimen188
\pgf@xd=\dimen189
\pgf@yd=\dimen190
\w@pgf@writea=\write3
\r@pgf@reada=\read4
\c@pgf@counta=\count322
\c@pgf@countb=\count323
\c@pgf@countc=\count324
\c@pgf@countd=\count325
\t@pgf@toka=\toks49
\t@pgf@tokb=\toks50
\t@pgf@tokc=\toks51
\pgf@sys@id@count=\count326
 (/usr/share/texlive/texmf-dist/tex/generic/pgf/systemlayer/pgf.cfg
File: pgf.cfg 2023-01-15 v3.1.10 (3.1.10)
)
Driver file for pgf: pgfsys-pdftex.def
(/usr/share/texlive/texmf-dist/tex/generic/pgf/systemlayer/pgfsys-pdftex.def
File: pgfsys-pdftex.def 2023-01-15 v3.1.10 (3.1.10)

(/usr/share/texlive/texmf-dist/tex/generic/pgf/systemlayer/pgfsys-common-pdf.de
f
File: pgfsys-common-pdf.def 2023-01-15 v3.1.10 (3.1.10)
)))
(/usr/share/texlive/texmf-dist/tex/generic/pgf/systemlayer/pgfsyssoftpath.code.
tex
File: pgfsyssoftpath.code.tex 2023-01-15 v3.1.10 (3.1.10)
\pgfsyssoftpath@smallbuffer@items=\count327
\pgfsyssoftpath@bigbuffer@items=\count328
)
(/usr/share/texlive/texmf-dist/tex/generic/pgf/systemlayer/pgfsysprotocol.code.
tex
File: pgfsysprotocol.code.tex 2023-01-15 v3.1.10 (3.1.10)
)) (/usr/share/texlive/texmf-dist/tex/latex/xcolor/xcolor.sty
Package: xcolor 2023/11/15 v3.01 LaTeX color extensions (UK)

(/usr/share/texlive/texmf-dist/tex/latex/graphics-cfg/color.cfg
File: color.cfg 2016/01/02 v1.6 sample color configuration
)
Package xcolor Info: Driver file: pdftex.def on input line 274.
LaTeX Info: Redefining \color on input line 758.

(/usr/share/texlive/texmf-dist/tex/latex/graphics/mathcolor.ltx)
Package xcolor Info: Model `cmy' substituted by `cmy0' on input line 1350.
Package xcolor Info: Model `hsb' substituted by `rgb' on input line 1354.
Package xcolor Info: Model `RGB' extended on input line 1366.
Package xcolor Info: Model `HTML' substituted by `rgb' on input line 1368.
Package xcolor Info: Model `Hsb' substituted by `hsb' on input line 1369.
Package xcolor Info: Model `tHsb' substituted by `hsb' on input line 1370.
Package xcolor Info: Model `HSB' substituted by `hsb' on input line 1371.
Package xcolor Info: Model `Gray' substituted by `gray' on input line 1372.
Package xcolor Info: Model `wave' substituted by `hsb' on input line 1373.
)
(/usr/share/texlive/texmf-dist/tex/generic/pgf/basiclayer/pgfcore.code.tex
Package: pgfcore 2023-01-15 v3.1.10 (3.1.10)

(/usr/share/texlive/texmf-dist/tex/generic/pgf/math/pgfmath.code.tex
(/usr/share/texlive/texmf-dist/tex/generic/pgf/math/pgfmathutil.code.tex)
(/usr/share/texlive/texmf-dist/tex/generic/pgf/math/pgfmathparser.code.tex
\pgfmath@dimen=\dimen191
\pgfmath@count=\count329
\pgfmath@box=\box68
\pgfmath@toks=\toks52
\pgfmath@stack@operand=\toks53
\pgfmath@stack@operation=\toks54
)
(/usr/share/texlive/texmf-dist/tex/generic/pgf/math/pgfmathfunctions.code.tex)
(/usr/share/texlive/texmf-dist/tex/generic/pgf/math/pgfmathfunctions.basic.code
.tex)
(/usr/share/texlive/texmf-dist/tex/generic/pgf/math/pgfmathfunctions.trigonomet
ric.code.tex)
(/usr/share/texlive/texmf-dist/tex/generic/pgf/math/pgfmathfunctions.random.cod
e.tex)
(/usr/share/texlive/texmf-dist/tex/generic/pgf/math/pgfmathfunctions.comparison
.code.tex)
(/usr/share/texlive/texmf-dist/tex/generic/pgf/math/pgfmathfunctions.base.code.
tex)
(/usr/share/texlive/texmf-dist/tex/generic/pgf/math/pgfmathfunctions.round.code
.tex)
(/usr/share/texlive/texmf-dist/tex/generic/pgf/math/pgfmathfunctions.misc.code.
tex)
(/usr/share/texlive/texmf-dist/tex/generic/pgf/math/pgfmathfunctions.integerari
thmetics.code.tex)
(/usr/share/texlive/texmf-dist/tex/generic/pgf/math/pgfmathcalc.code.tex)
(/usr/share/texlive/texmf-dist/tex/generic/pgf/math/pgfmathfloat.code.tex
\c@pgfmathroundto@lastzeros=\count330
))
(/usr/share/texlive/texmf-dist/tex/generic/pgf/math/pgfint.code.tex)
(/usr/share/texlive/texmf-dist/tex/generic/pgf/basiclayer/pgfcorepoints.code.te
x
File: pgfcorepoints.code.tex 2023-01-15 v3.1.10 (3.1.10)
\pgf@picminx=\dimen192
\pgf@picmaxx=\dimen193
\pgf@picminy=\dimen194
\pgf@picmaxy=\dimen195
\pgf@pathminx=\dimen196
\pgf@pathmaxx=\dimen197
\pgf@pathminy=\dimen198
\pgf@pathmaxy=\dimen199
\pgf@xx=\dimen256
\pgf@xy=\dimen257
\pgf@yx=\dimen258
\pgf@yy=\dimen259
\pgf@zx=\dimen260
\pgf@zy=\dimen261
)
(/usr/share/texlive/texmf-dist/tex/generic/pgf/basiclayer/pgfcorepathconstruct.
code.tex
File: pgfcorepathconstruct.code.tex 2023-01-15 v3.1.10 (3.1.10)
\pgf@path@lastx=\dimen262
\pgf@path@lasty=\dimen263
)
(/usr/share/texlive/texmf-dist/tex/generic/pgf/basiclayer/pgfcorepathusage.code
.tex
File: pgfcorepathusage.code.tex 2023-01-15 v3.1.10 (3.1.10)
\pgf@shorten@end@additional=\dimen264
\pgf@shorten@start@additional=\dimen265
)
(/usr/share/texlive/texmf-dist/tex/generic/pgf/basiclayer/pgfcorescopes.code.te
x
File: pgfcorescopes.code.tex 2023-01-15 v3.1.10 (3.1.10)
\pgfpic=\box69
\pgf@hbox=\box70
\pgf@layerbox@main=\box71
\pgf@picture@serial@count=\count331
)
(/usr/share/texlive/texmf-dist/tex/generic/pgf/basiclayer/pgfcoregraphicstate.c
ode.tex
File: pgfcoregraphicstate.code.tex 2023-01-15 v3.1.10 (3.1.10)
\pgflinewidth=\dimen266
)
(/usr/share/texlive/texmf-dist/tex/generic/pgf/basiclayer/pgfcoretransformation
s.code.tex
File: pgfcoretransformations.code.tex 2023-01-15 v3.1.10 (3.1.10)
\pgf@pt@x=\dimen267
\pgf@pt@y=\dimen268
\pgf@pt@temp=\dimen269
)
(/usr/share/texlive/texmf-dist/tex/generic/pgf/basiclayer/pgfcorequick.code.tex
File: pgfcorequick.code.tex 2023-01-15 v3.1.10 (3.1.10)
)
(/usr/share/texlive/texmf-dist/tex/generic/pgf/basiclayer/pgfcoreobjects.code.t
ex
File: pgfcoreobjects.code.tex 2023-01-15 v3.1.10 (3.1.10)
)
(/usr/share/texlive/texmf-dist/tex/generic/pgf/basiclayer/pgfcorepathprocessing
.code.tex
File: pgfcorepathprocessing.code.tex 2023-01-15 v3.1.10 (3.1.10)
)
(/usr/share/texlive/texmf-dist/tex/generic/pgf/basiclayer/pgfcorearrows.code.te
x
File: pgfcorearrows.code.tex 2023-01-15 v3.1.10 (3.1.10)
\pgfarrowsep=\dimen270
)
(/usr/share/texlive/texmf-dist/tex/generic/pgf/basiclayer/pgfcoreshade.code.tex
File: pgfcoreshade.code.tex 2023-01-15 v3.1.10 (3.1.10)
\pgf@max=\dimen271
\pgf@sys@shading@range@num=\count332
\pgf@shadingcount=\count333
)
(/usr/share/texlive/texmf-dist/tex/generic/pgf/basiclayer/pgfcoreimage.code.tex
File: pgfcoreimage.code.tex 2023-01-15 v3.1.10 (3.1.10)
)
(/usr/share/texlive/texmf-dist/tex/generic/pgf/basiclayer/pgfcoreexternal.code.
tex
File: pgfcoreexternal.code.tex 2023-01-15 v3.1.10 (3.1.10)
\pgfexternal@startupbox=\box72
)
(/usr/share/texlive/texmf-dist/tex/generic/pgf/basiclayer/pgfcorelayers.code.te
x
File: pgfcorelayers.code.tex 2023-01-15 v3.1.10 (3.1.10)
)
(/usr/share/texlive/texmf-dist/tex/generic/pgf/basiclayer/pgfcoretransparency.c
ode.tex
File: pgfcoretransparency.code.tex 2023-01-15 v3.1.10 (3.1.10)
)
(/usr/share/texlive/texmf-dist/tex/generic/pgf/basiclayer/pgfcorepatterns.code.
tex
File: pgfcorepatterns.code.tex 2023-01-15 v3.1.10 (3.1.10)
)
(/usr/share/texlive/texmf-dist/tex/generic/pgf/basiclayer/pgfcorerdf.code.tex
File: pgfcorerdf.code.tex 2023-01-15 v3.1.10 (3.1.10)
)))
(/usr/share/texlive/texmf-dist/tex/generic/pgf/modules/pgfmoduleshapes.code.tex
File: pgfmoduleshapes.code.tex 2023-01-15 v3.1.10 (3.1.10)
\pgfnodeparttextbox=\box73
) (/usr/share/texlive/texmf-dist/tex/generic/pgf/modules/pgfmoduleplot.code.tex
File: pgfmoduleplot.code.tex 2023-01-15 v3.1.10 (3.1.10)
)
(/usr/share/texlive/texmf-dist/tex/latex/pgf/compatibility/pgfcomp-version-0-65
.sty
Package: pgfcomp-version-0-65 2023-01-15 v3.1.10 (3.1.10)
\pgf@nodesepstart=\dimen272
\pgf@nodesepend=\dimen273
)
(/usr/share/texlive/texmf-dist/tex/latex/pgf/compatibility/pgfcomp-version-1-18
.sty
Package: pgfcomp-version-1-18 2023-01-15 v3.1.10 (3.1.10)
)) (/usr/share/texlive/texmf-dist/tex/latex/pgf/utilities/pgffor.sty
(/usr/share/texlive/texmf-dist/tex/latex/pgf/utilities/pgfkeys.sty
(/usr/share/texlive/texmf-dist/tex/generic/pgf/utilities/pgfkeys.code.tex))
(/usr/share/texlive/texmf-dist/tex/latex/pgf/math/pgfmath.sty
(/usr/share/texlive/texmf-dist/tex/generic/pgf/math/pgfmath.code.tex))
(/usr/share/texlive/texmf-dist/tex/generic/pgf/utilities/pgffor.code.tex
Package: pgffor 2023-01-15 v3.1.10 (3.1.10)
\pgffor@iter=\dimen274
\pgffor@skip=\dimen275
\pgffor@stack=\toks55
\pgffor@toks=\toks56
))
(/usr/share/texlive/texmf-dist/tex/generic/pgf/frontendlayer/tikz/tikz.code.tex
Package: tikz 2023-01-15 v3.1.10 (3.1.10)

(/usr/share/texlive/texmf-dist/tex/generic/pgf/libraries/pgflibraryplothandlers
.code.tex
File: pgflibraryplothandlers.code.tex 2023-01-15 v3.1.10 (3.1.10)
\pgf@plot@mark@count=\count334
\pgfplotmarksize=\dimen276
)
\tikz@lastx=\dimen277
\tikz@lasty=\dimen278
\tikz@lastxsaved=\dimen279
\tikz@lastysaved=\dimen280
\tikz@lastmovetox=\dimen281
\tikz@lastmovetoy=\dimen282
\tikzleveldistance=\dimen283
\tikzsiblingdistance=\dimen284
\tikz@figbox=\box74
\tikz@figbox@bg=\box75
\tikz@tempbox=\box76
\tikz@tempbox@bg=\box77
\tikztreelevel=\count335
\tikznumberofchildren=\count336
\tikznumberofcurrentchild=\count337
\tikz@fig@count=\count338

(/usr/share/texlive/texmf-dist/tex/generic/pgf/modules/pgfmodulematrix.code.tex
File: pgfmodulematrix.code.tex 2023-01-15 v3.1.10 (3.1.10)
\pgfmatrixcurrentrow=\count339
\pgfmatrixcurrentcolumn=\count340
\pgf@matrix@numberofcolumns=\count341
)
\tikz@expandcount=\count342

(/usr/share/texlive/texmf-dist/tex/generic/pgf/frontendlayer/tikz/libraries/tik
zlibrarytopaths.code.tex
File: tikzlibrarytopaths.code.tex 2023-01-15 v3.1.10 (3.1.10)
)))
(/usr/share/texlive/texmf-dist/tex/latex/pgfplots/pgfplots.sty
(/usr/share/texlive/texmf-dist/tex/generic/pgfplots/pgfplots.revision.tex)
Package: pgfplots 2021/05/15 v1.18.1 Data Visualization (1.18.1)

(/usr/share/texlive/texmf-dist/tex/generic/pgfplots/pgfplots.code.tex
(/usr/share/texlive/texmf-dist/tex/generic/pgfplots/pgfplotscore.code.tex
\t@pgfplots@toka=\toks57
\t@pgfplots@tokb=\toks58
\t@pgfplots@tokc=\toks59
\pgfplots@tmpa=\dimen285
\c@pgfplots@coordindex=\count343
\c@pgfplots@scanlineindex=\count344

(/usr/share/texlive/texmf-dist/tex/generic/pgfplots/sys/pgfplotssysgeneric.code
.tex))
(/usr/share/texlive/texmf-dist/tex/generic/pgfplots/libs/pgfplotslibrary.code.t
ex)
(/usr/share/texlive/texmf-dist/tex/generic/pgfplots/oldpgfcompatib/pgfplotsoldp
gfsupp_loader.code.tex
(/usr/share/texlive/texmf-dist/tex/generic/pgf/libraries/pgflibraryfpu.code.tex
)
Package pgfplots: loading complementary utilities for your pgf version...
\t@pgf@toka=\toks60
\t@pgf@tokb=\toks61
\t@pgf@tokc=\toks62

(/usr/share/texlive/texmf-dist/tex/generic/pgfplots/oldpgfcompatib/pgfplotsoldp
gfsupp_pgfutil-common-lists.tex))
(/usr/share/texlive/texmf-dist/tex/generic/pgfplots/util/pgfplotsutil.code.tex
(/usr/share/texlive/texmf-dist/tex/generic/pgfplots/liststructure/pgfplotslists
tructure.code.tex)
(/usr/share/texlive/texmf-dist/tex/generic/pgfplots/liststructure/pgfplotslists
tructureext.code.tex)
(/usr/share/texlive/texmf-dist/tex/generic/pgfplots/liststructure/pgfplotsarray
.code.tex
\c@pgfplotsarray@tmp=\count345
)
(/usr/share/texlive/texmf-dist/tex/generic/pgfplots/liststructure/pgfplotsmatri
x.code.tex)
(/usr/share/texlive/texmf-dist/tex/generic/pgfplots/numtable/pgfplotstableshare
d.code.tex
\c@pgfplotstable@counta=\count346
\t@pgfplotstable@a=\toks63
)
(/usr/share/texlive/texmf-dist/tex/generic/pgfplots/liststructure/pgfplotsdeque
.code.tex)
(/usr/share/texlive/texmf-dist/tex/generic/pgfplots/util/pgfplotsbinary.code.te
x
(/usr/share/texlive/texmf-dist/tex/generic/pgfplots/util/pgfplotsbinary.data.co
de.tex))
(/usr/share/texlive/texmf-dist/tex/generic/pgfplots/util/pgfplotsutil.verb.code
.tex)
(/usr/share/texlive/texmf-dist/tex/generic/pgfplots/libs/pgflibrarypgfplots.sur
fshading.code.tex
\c@pgfplotslibrarysurf@no=\count347

(/usr/share/texlive/texmf-dist/tex/generic/pgfplots/sys/pgflibrarypgfplots.surf
shading.pgfsys-pdftex.def)))
(/usr/share/texlive/texmf-dist/tex/generic/pgfplots/util/pgfplotscolormap.code.
tex
(/usr/share/texlive/texmf-dist/tex/generic/pgfplots/util/pgfplotscolor.code.tex
))
(/usr/share/texlive/texmf-dist/tex/generic/pgfplots/pgfplotsstackedplots.code.t
ex)
(/usr/share/texlive/texmf-dist/tex/generic/pgfplots/pgfplotsplothandlers.code.t
ex
(/usr/share/texlive/texmf-dist/tex/generic/pgfplots/pgfplotsmeshplothandler.cod
e.tex
(/usr/share/texlive/texmf-dist/tex/generic/pgfplots/pgfplotsmeshplotimage.code.
tex)))
(/usr/share/texlive/texmf-dist/tex/generic/pgfplots/pgfplots.scaling.code.tex)
(/usr/share/texlive/texmf-dist/tex/generic/pgfplots/pgfplotscoordprocessing.cod
e.tex)
(/usr/share/texlive/texmf-dist/tex/generic/pgfplots/pgfplots.errorbars.code.tex
) (/usr/share/texlive/texmf-dist/tex/generic/pgfplots/pgfplots.markers.code.tex
) (/usr/share/texlive/texmf-dist/tex/generic/pgfplots/pgfplotsticks.code.tex)
(/usr/share/texlive/texmf-dist/tex/generic/pgfplots/pgfplots.paths.code.tex)
(/usr/share/texlive/texmf-dist/tex/generic/pgf/frontendlayer/tikz/libraries/tik
zlibrarydecorations.code.tex
(/usr/share/texlive/texmf-dist/tex/generic/pgf/modules/pgfmoduledecorations.cod
e.tex
\pgfdecoratedcompleteddistance=\dimen286
\pgfdecoratedremainingdistance=\dimen287
\pgfdecoratedinputsegmentcompleteddistance=\dimen288
\pgfdecoratedinputsegmentremainingdistance=\dimen289
\pgf@decorate@distancetomove=\dimen290
\pgf@decorate@repeatstate=\count348
\pgfdecorationsegmentamplitude=\dimen291
\pgfdecorationsegmentlength=\dimen292
)
\tikz@lib@dec@box=\box78
)
(/usr/share/texlive/texmf-dist/tex/generic/pgf/frontendlayer/tikz/libraries/tik
zlibrarydecorations.pathmorphing.code.tex
(/usr/share/texlive/texmf-dist/tex/generic/pgf/libraries/decorations/pgflibrary
decorations.pathmorphing.code.tex))
(/usr/share/texlive/texmf-dist/tex/generic/pgf/frontendlayer/tikz/libraries/tik
zlibrarydecorations.pathreplacing.code.tex
(/usr/share/texlive/texmf-dist/tex/generic/pgf/libraries/decorations/pgflibrary
decorations.pathreplacing.code.tex))
(/usr/share/texlive/texmf-dist/tex/generic/pgfplots/libs/tikzlibrarypgfplots.co
ntourlua.code.tex)
\pgfplots@numplots=\count349
\pgfplots@xmin@reg=\dimen293
\pgfplots@xmax@reg=\dimen294
\pgfplots@ymin@reg=\dimen295
\pgfplots@ymax@reg=\dimen296
\pgfplots@zmin@reg=\dimen297
\pgfplots@zmax@reg=\dimen298
)
(/usr/share/texlive/texmf-dist/tex/generic/pgf/frontendlayer/tikz/libraries/tik
zlibraryplotmarks.code.tex
File: tikzlibraryplotmarks.code.tex 2023-01-15 v3.1.10 (3.1.10)

(/usr/share/texlive/texmf-dist/tex/generic/pgf/libraries/pgflibraryplotmarks.co
de.tex
File: pgflibraryplotmarks.code.tex 2023-01-15 v3.1.10 (3.1.10)
)))
(/usr/share/texlive/texmf-dist/tex/generic/pgf/frontendlayer/tikz/libraries/tik
zlibraryarrows.code.tex
File: tikzlibraryarrows.code.tex 2023-01-15 v3.1.10 (3.1.10)

(/usr/share/texlive/texmf-dist/tex/generic/pgf/libraries/pgflibraryarrows.code.
tex
File: pgflibraryarrows.code.tex 2023-01-15 v3.1.10 (3.1.10)
\arrowsize=\dimen299
))
(/usr/share/texlive/texmf-dist/tex/generic/pgf/frontendlayer/tikz/libraries/tik
zlibrarypositioning.code.tex
File: tikzlibrarypositioning.code.tex 2023-01-15 v3.1.10 (3.1.10)
)
(/usr/share/texlive/texmf-dist/tex/generic/pgf/frontendlayer/tikz/libraries/tik
zlibraryshapes.code.tex
File: tikzlibraryshapes.code.tex 2023-01-15 v3.1.10 (3.1.10)

(/usr/share/texlive/texmf-dist/tex/generic/pgf/frontendlayer/tikz/libraries/tik
zlibraryshapes.geometric.code.tex
File: tikzlibraryshapes.geometric.code.tex 2023-01-15 v3.1.10 (3.1.10)

(/usr/share/texlive/texmf-dist/tex/generic/pgf/libraries/shapes/pgflibraryshape
s.geometric.code.tex
File: pgflibraryshapes.geometric.code.tex 2023-01-15 v3.1.10 (3.1.10)
))
(/usr/share/texlive/texmf-dist/tex/generic/pgf/frontendlayer/tikz/libraries/tik
zlibraryshapes.misc.code.tex
File: tikzlibraryshapes.misc.code.tex 2023-01-15 v3.1.10 (3.1.10)

(/usr/share/texlive/texmf-dist/tex/generic/pgf/libraries/shapes/pgflibraryshape
s.misc.code.tex
File: pgflibraryshapes.misc.code.tex 2023-01-15 v3.1.10 (3.1.10)
))
(/usr/share/texlive/texmf-dist/tex/generic/pgf/frontendlayer/tikz/libraries/tik
zlibraryshapes.symbols.code.tex
File: tikzlibraryshapes.symbols.code.tex 2023-01-15 v3.1.10 (3.1.10)

(/usr/share/texlive/texmf-dist/tex/generic/pgf/libraries/shapes/pgflibraryshape
s.symbols.code.tex
File: pgflibraryshapes.symbols.code.tex 2023-01-15 v3.1.10 (3.1.10)
))
(/usr/share/texlive/texmf-dist/tex/generic/pgf/frontendlayer/tikz/libraries/tik
zlibraryshapes.arrows.code.tex
File: tikzlibraryshapes.arrows.code.tex 2023-01-15 v3.1.10 (3.1.10)

(/usr/share/texlive/texmf-dist/tex/generic/pgf/libraries/shapes/pgflibraryshape
s.arrows.code.tex
File: pgflibraryshapes.arrows.code.tex 2023-01-15 v3.1.10 (3.1.10)
))
(/usr/share/texlive/texmf-dist/tex/generic/pgf/frontendlayer/tikz/libraries/tik
zlibraryshapes.callouts.code.tex
(/usr/share/texlive/texmf-dist/tex/generic/pgf/libraries/shapes/pgflibraryshape
s.callouts.code.tex))
(/usr/share/texlive/texmf-dist/tex/generic/pgf/frontendlayer/tikz/libraries/tik
zlibraryshapes.multipart.code.tex
File: tikzlibraryshapes.multipart.code.tex 2023-01-15 v3.1.10 (3.1.10)

(/usr/share/texlive/texmf-dist/tex/generic/pgf/libraries/shapes/pgflibraryshape
s.multipart.code.tex
File: pgflibraryshapes.multipart.code.tex 2023-01-15 v3.1.10 (3.1.10)
\pgfnodepartlowerbox=\box79
\pgfnodeparttwobox=\box80
\pgfnodepartthreebox=\box81
\pgfnodepartfourbox=\box82
\pgfnodeparttwentybox=\box83
\pgfnodepartnineteenbox=\box84
\pgfnodeparteighteenbox=\box85
\pgfnodepartseventeenbox=\box86
\pgfnodepartsixteenbox=\box87
\pgfnodepartfifteenbox=\box88
\pgfnodepartfourteenbox=\box89
\pgfnodepartthirteenbox=\box90
\pgfnodeparttwelvebox=\box91
\pgfnodepartelevenbox=\box92
\pgfnodeparttenbox=\box93
\pgfnodepartninebox=\box94
\pgfnodeparteightbox=\box95
\pgfnodepartsevenbox=\box96
\pgfnodepartsixbox=\box97
\pgfnodepartfivebox=\box98
)))
(/usr/share/texlive/texmf-dist/tex/generic/pgf/frontendlayer/tikz/libraries/tik
zlibraryfit.code.tex
File: tikzlibraryfit.code.tex 2023-01-15 v3.1.10 (3.1.10)
)
(/usr/share/texlive/texmf-dist/tex/generic/pgf/frontendlayer/tikz/libraries/tik
zlibrarycalc.code.tex
File: tikzlibrarycalc.code.tex 2023-01-15 v3.1.10 (3.1.10)
)
(/usr/share/texlive/texmf-dist/tex/latex/adjustbox/adjustbox.sty
Package: adjustbox 2022/10/17 v1.3a Adjusting TeX boxes (trim, clip, ...)

(/usr/share/texlive/texmf-dist/tex/latex/adjustbox/adjcalc.sty
Package: adjcalc 2012/05/16 v1.1 Provides advanced setlength with multiple back
-ends (calc, etex, pgfmath)
)
(/usr/share/texlive/texmf-dist/tex/latex/adjustbox/trimclip.sty
Package: trimclip 2020/08/19 v1.2 Trim and clip general TeX material

(/usr/share/texlive/texmf-dist/tex/latex/collectbox/collectbox.sty
Package: collectbox 2022/10/17 v0.4c Collect macro arguments as boxes
\collectedbox=\box99
)
\tc@llx=\dimen300
\tc@lly=\dimen301
\tc@urx=\dimen302
\tc@ury=\dimen303
Package trimclip Info: Using driver 'tc-pdftex.def'.

(/usr/share/texlive/texmf-dist/tex/latex/adjustbox/tc-pdftex.def
File: tc-pdftex.def 2019/01/04 v2.2 Clipping driver for pdftex
))
\adjbox@Width=\dimen304
\adjbox@Height=\dimen305
\adjbox@Depth=\dimen306
\adjbox@Totalheight=\dimen307
\adjbox@pwidth=\dimen308
\adjbox@pheight=\dimen309
\adjbox@pdepth=\dimen310
\adjbox@ptotalheight=\dimen311

(/usr/share/texlive/texmf-dist/tex/latex/ifoddpage/ifoddpage.sty
Package: ifoddpage 2022/10/18 v1.2 Conditionals for odd/even page detection
\c@checkoddpage=\count350
)
(/usr/share/texlive/texmf-dist/tex/latex/varwidth/varwidth.sty
Package: varwidth 2009/03/30 ver 0.92;  Variable-width minipages
\@vwid@box=\box100
\sift@deathcycles=\count351
\@vwid@loff=\dimen312
\@vwid@roff=\dimen313
))
(/usr/share/texlive/texmf-dist/tex/latex/makecell/makecell.sty
Package: makecell 2009/08/03 V0.1e Managing of Tab Column Heads and Cells
\rotheadsize=\dimen314
\c@nlinenum=\count352
\TeXr@lab=\toks64
)
(/usr/share/texlive/texmf-dist/tex/latex/booktabs/booktabs.sty
Package: booktabs 2020/01/12 v1.61803398 Publication quality tables
\heavyrulewidth=\dimen315
\lightrulewidth=\dimen316
\cmidrulewidth=\dimen317
\belowrulesep=\dimen318
\belowbottomsep=\dimen319
\aboverulesep=\dimen320
\abovetopsep=\dimen321
\cmidrulesep=\dimen322
\cmidrulekern=\dimen323
\defaultaddspace=\dimen324
\@cmidla=\count353
\@cmidlb=\count354
\@aboverulesep=\dimen325
\@belowrulesep=\dimen326
\@thisruleclass=\count355
\@lastruleclass=\count356
\@thisrulewidth=\dimen327
)
(/usr/share/texlive/texmf-dist/tex/latex/shipunov/boldline.sty
Package: boldline 2008/02/04 v0.2 Adjust line width in tables


Package array Warning: Column V is already defined on input line 9.

) (/usr/share/texlive/texmf-dist/tex/generic/soul/soul.sty
Package: soul 2023-06-14 v3.1 Permit use of UTF-8 characters in soul (HO)

(/usr/share/texlive/texmf-dist/tex/generic/soul/soul-ori.sty
Package: soul-ori 2023-06-14 v3.1 letterspacing/underlining (mf)
\SOUL@word=\toks65
\SOUL@lasttoken=\toks66
\SOUL@syllable=\toks67
\SOUL@cmds=\toks68
\SOUL@buffer=\toks69
\SOUL@token=\toks70
\SOUL@syllgoal=\dimen328
\SOUL@syllwidth=\dimen329
\SOUL@charkern=\dimen330
\SOUL@hyphkern=\dimen331
\SOUL@dimen=\dimen332
\SOUL@dimeni=\dimen333
\SOUL@minus=\count357
\SOUL@comma=\count358
\SOUL@apo=\count359
\SOUL@grave=\count360
\SOUL@spaceskip=\skip75
\SOUL@ttwidth=\dimen334
\SOUL@uldp=\dimen335
\SOUL@ulht=\dimen336
)
(/usr/share/texlive/texmf-dist/tex/generic/etexcmds/etexcmds.sty
Package: etexcmds 2019/12/15 v1.7 Avoid name clashes with e-TeX commands (HO)
))
(/usr/share/texlive/texmf-dist/tex/latex/psnfss/pifont.sty
Package: pifont 2020/03/25 PSNFSS-v9.3 Pi font support (SPQR) 
LaTeX Font Info:    Trying to load font information for U+pzd on input line 63.


(/usr/share/texlive/texmf-dist/tex/latex/psnfss/upzd.fd
File: upzd.fd 2001/06/04 font definitions for U/pzd.
)
LaTeX Font Info:    Trying to load font information for U+psy on input line 64.


(/usr/share/texlive/texmf-dist/tex/latex/psnfss/upsy.fd
File: upsy.fd 2001/06/04 font definitions for U/psy.
))
(/usr/share/texlive/texmf-dist/tex/latex/tools/indentfirst.sty
Package: indentfirst 2023/07/02 v1.03 Indent first paragraph (DPC)
)
(/usr/share/texlive/texmf-dist/tex/latex/placeins/placeins.sty
Package: placeins 2005/04/18  v 2.2
)
(/usr/share/texlive/texmf-dist/tex/latex/bigfoot/perpage.sty
Package: perpage 2014/10/25 2.0 Reset/sort counters per page
\c@abspage=\count361
)
\c@pp@a@footnote=\count362

(/usr/share/texlive/texmf-dist/tex/latex/colortbl/colortbl.sty
Package: colortbl 2022/06/20 v1.0f Color table columns (DPC)
\everycr=\toks71
\minrowclearance=\skip76
\rownum=\count363
)

Package hyperref Warning: Option `bookmarks' has already been used,
(hyperref)                setting the option has no effect on input line 129.

(/usr/share/texlive/texmf-dist/tex/latex/l3backend/l3backend-pdftex.def
File: l3backend-pdftex.def 2024-01-04 L3 backend support: PDF output (pdfTeX)
\l__color_backend_stack_int=\count364
\l__pdf_internal_box=\box101
)

LaTeX Warning: Unused global option(s):
    [senior,etd,a4].

(./thesis.aux)
\openout1 = `thesis.aux'.

LaTeX Font Info:    Checking defaults for OML/cmm/m/it on input line 131.
LaTeX Font Info:    ... okay on input line 131.
LaTeX Font Info:    Checking defaults for OMS/cmsy/m/n on input line 131.
LaTeX Font Info:    ... okay on input line 131.
LaTeX Font Info:    Checking defaults for OT1/cmr/m/n on input line 131.
LaTeX Font Info:    ... okay on input line 131.
LaTeX Font Info:    Checking defaults for T1/cmr/m/n on input line 131.
LaTeX Font Info:    ... okay on input line 131.
LaTeX Font Info:    Checking defaults for TS1/cmr/m/n on input line 131.
LaTeX Font Info:    ... okay on input line 131.
LaTeX Font Info:    Checking defaults for OMX/cmex/m/n on input line 131.
LaTeX Font Info:    ... okay on input line 131.
LaTeX Font Info:    Checking defaults for U/cmr/m/n on input line 131.
LaTeX Font Info:    ... okay on input line 131.
LaTeX Font Info:    Checking defaults for PD1/pdf/m/n on input line 131.
LaTeX Font Info:    ... okay on input line 131.
LaTeX Font Info:    Checking defaults for PU/pdf/m/n on input line 131.
LaTeX Font Info:    ... okay on input line 131.
LaTeX Font Info:    Checking defaults for OT2/cmr/m/n on input line 131.
LaTeX Font Info:    Trying to load font information for OT2+cmr on input line 1
31.
 (/usr/share/texlive/texmf-dist/tex/latex/cyrillic/ot2cmr.fd
File: ot2cmr.fd 2001/08/11 v3.2c Computer Modern Cyrillic font definitions
)
LaTeX Font Info:    ... okay on input line 131.
LaTeX Font Info:    Checking defaults for T2C/cmr/m/n on input line 131.
LaTeX Font Info:    Trying to load font information for T2C+cmr on input line 1
31.

(/usr/share/texlive/texmf-dist/tex/latex/cyrillic/t2ccmr.fd
File: t2ccmr.fd 2001/08/11 v1.0a Computer Modern Cyrillic font definitions
)
LaTeX Font Info:    ... okay on input line 131.
LaTeX Font Info:    Checking defaults for T2B/cmr/m/n on input line 131.
LaTeX Font Info:    Trying to load font information for T2B+cmr on input line 1
31.

(/usr/share/texlive/texmf-dist/tex/latex/cyrillic/t2bcmr.fd
File: t2bcmr.fd 2001/08/11 v1.0a Computer Modern Cyrillic font definitions
)
LaTeX Font Info:    ... okay on input line 131.
LaTeX Font Info:    Checking defaults for T2A/cmr/m/n on input line 131.
LaTeX Font Info:    Trying to load font information for T2A+cmr on input line 1
31.

(/usr/share/texlive/texmf-dist/tex/latex/cyrillic/t2acmr.fd
File: t2acmr.fd 2001/08/11 v1.0a Computer Modern Cyrillic font definitions
)
LaTeX Font Info:    ... okay on input line 131.
LaTeX Font Info:    Checking defaults for LGR/cmr/m/n on input line 131.
LaTeX Font Info:    Trying to load font information for LGR+cmr on input line 1
31.

(/usr/share/texlive/texmf-dist/tex/latex/cbfonts-fd/lgrcmr.fd
File: lgrcmr.fd 2017/07/29 v1.2 Greek European Computer Regular
)
LaTeX Font Info:    ... okay on input line 131.
Package hyperref Info: Link coloring OFF on input line 131.
\c@mv@tabular=\count365
\c@mv@boldtabular=\count366
LaTeX Info: Redefining \th on input line 131.

(/usr/share/texlive/texmf-dist/tex/context/base/mkii/supp-pdf.mkii
[Loading MPS to PDF converter (version 2006.09.02).]
\scratchcounter=\count367
\scratchdimen=\dimen337
\scratchbox=\box102
\nofMPsegments=\count368
\nofMParguments=\count369
\everyMPshowfont=\toks72
\MPscratchCnt=\count370
\MPscratchDim=\dimen338
\MPnumerator=\count371
\makeMPintoPDFobject=\count372
\everyMPtoPDFconversion=\toks73
) (/usr/share/texlive/texmf-dist/tex/latex/epstopdf-pkg/epstopdf-base.sty
Package: epstopdf-base 2020-01-24 v2.11 Base part for package epstopdf

(/usr/share/texlive/texmf-dist/tex/latex/grfext/grfext.sty
Package: grfext 2019/12/03 v1.3 Manage graphics extensions (HO)
)
Package epstopdf-base Info: Redefining graphics rule for `.eps' on input line 4
85.
Package grfext Info: Graphics extension search list:
(grfext)             [.pdf,.png,.jpg,.mps,.jpeg,.jbig2,.jb2,.PDF,.PNG,.JPG,.JPE
G,.JBIG2,.JB2,.eps]
(grfext)             \AppendGraphicsExtensions on input line 504.

(/usr/share/texlive/texmf-dist/tex/latex/latexconfig/epstopdf-sys.cfg
File: epstopdf-sys.cfg 2010/07/13 v1.3 Configuration of (r)epstopdf for TeX Liv
e
))
Package caption Info: Begin \AtBeginDocument code.
Package caption Info: subfig package v1.3 is loaded.
Package caption Info: listings package is loaded.
Package caption Info: End \AtBeginDocument code.
\c@lstlisting=\count373


Package pgfplots Warning: running in backwards compatibility mode (unsuitable t
ick labels; missing features). Consider writing \pgfplotsset{compat=1.18} into 
your preamble.
 on input line 131.

<./gzlogo.png, id=9, 1335.99126pt x 569.12625pt>
File: ./gzlogo.png Graphic file (type png)
<use ./gzlogo.png>
Package pdftex.def Info: ./gzlogo.png  used on input line 136.
(pdftex.def)             Requested size: 267.15274pt x 113.81102pt.
LaTeX Font Info:    Font shape `T2A/Tempora-TLF/m/n' will be
(Font)              scaled to size 14.4pt on input line 136.
LaTeX Font Info:    Font shape `T2A/Tempora-TLF/b/n' will be
(Font)              scaled to size 14.4pt on input line 136.
LaTeX Font Info:    Font shape `T2A/Tempora-TLF/b/n' will be
(Font)              scaled to size 12.0pt on input line 136.
[1

{/var/lib/texmf/fonts/map/pdftex/updmap/pdftex.map}{/usr/share/texlive/texmf-di
st/fonts/enc/dvips/tempora/t2a-tempora.enc} <./gzlogo.png>]
LaTeX Font Info:    Font shape `T2A/Tempora-TLF/m/it' will be
(Font)              scaled to size 12.0pt on input line 136.
LaTeX Font Info:    Font shape `T2A/Tempora-TLF/m/n' will be
(Font)              scaled to size 10.95pt on input line 136.
 [2

]
LaTeX Font Info:    Font shape `T2A/Tempora-TLF/m/n' will be
(Font)              scaled to size 17.28pt on input line 140.
LaTeX Font Info:    Font shape `T2A/Tempora-TLF/b/n' will be
(Font)              scaled to size 17.28pt on input line 140.
 (./thesis.toc
LaTeX Font Info:    Trying to load font information for T1+Tempora-TLF on input
 line 1.
(/usr/share/texlive/texmf-dist/tex/latex/tempora/T1Tempora-TLF.fd
File: T1Tempora-TLF.fd 2016/02/02 (autoinst) Font definitions for T1/Tempora-TL
F.
)
LaTeX Font Info:    Font shape `T1/Tempora-TLF/m/n' will be
(Font)              scaled to size 12.0pt on input line 1.
<<ot1.cmap>><<oml.cmap>><<oms.cmap>><<omx.cmap>>
LaTeX Font Info:    Trying to load font information for U+msa on input line 3.

(/usr/share/texlive/texmf-dist/tex/latex/amsfonts/umsa.fd
File: umsa.fd 2013/01/14 v3.01 AMS symbols A
)
LaTeX Font Info:    Trying to load font information for U+msb on input line 3.

(/usr/share/texlive/texmf-dist/tex/latex/amsfonts/umsb.fd
File: umsb.fd 2013/01/14 v3.01 AMS symbols B
) [3

])
\tf@toc=\write4
\openout4 = `thesis.toc'.

 [4] [5]
[6

] [7] [8] [9] [10] [11] [12] [13] [14]
Underfull \hbox (badness 10000) in paragraph at lines 243--243
[]|\T2A/Tempora-TLF/m/n/12 Закляков, Пет-ров-
 []


Underfull \hbox (badness 1297) in paragraph at lines 243--243
\T2A/Tempora-TLF/m/n/12 ля по кла-ви-а-ту-ре и мы-
 []


Underfull \hbox (badness 4569) in paragraph at lines 243--244
[]|\T2A/Tempora-TLF/m/n/12 Работа от-но-сит-ся к пер-со-
 []


Underfull \hbox (badness 2538) in paragraph at lines 245--245
\T2A/Tempora-TLF/m/n/12 те-ля мо-биль-но-го устрой-
 []


Underfull \hbox (badness 10000) in paragraph at lines 247--247
[]|\T2A/Tempora-TLF/m/n/12 Обзор по-ве-ден-че-ской
 []


Underfull \hbox (badness 10000) in paragraph at lines 247--247
\T2A/Tempora-TLF/m/n/12 био-мет-рии и непре-рыв-
 []


Underfull \hbox (badness 7504) in paragraph at lines 247--247
\T2A/Tempora-TLF/m/n/12 ной аутен-ти-фи-ка-ции на
 []


Underfull \hbox (badness 1033) in paragraph at lines 251--251
\T2A/Tempora-TLF/m/n/12 то-кол для срав-не-ния мо-
 []


Underfull \hbox (badness 6758) in paragraph at lines 253--253
[]|\T2A/Tempora-TLF/m/n/12 Публичная ба-за дан-ных
 []

[15] [16] [17] [18] [19] [20] [21

]
Overfull \hbox (37.58125pt too wide) in paragraph at lines 368--369
[]|[]| 
 []


Underfull \hbox (badness 2591) in paragraph at lines 369--370
[]|\T2A/Tempora-TLF/m/n/12 Продолжительность на-жа-
 []


Overfull \hbox (37.58125pt too wide) in paragraph at lines 382--383
[]|[]| 
 []


Overfull \hbox (37.58125pt too wide) in paragraph at lines 390--391
[]|[]| 
 []


Underfull \hbox (badness 10000) in paragraph at lines 391--392
[]|\T2A/Tempora-TLF/m/n/12 Скорость пе-ре-ме-ще-ния
 []


Overfull \hbox (37.58125pt too wide) in paragraph at lines 401--402
[]|[]| 
 []

[22

] [23]
Package hyperref Info: bookmark level for unknown lstlisting defaults to 0 on i
nput line 427.
LaTeX Font Info:    Font shape `T2A/Tempora-TLF/m/n' will be
(Font)              scaled to size 10.0pt on input line 427.
LaTeX Font Info:    Trying to load font information for T2A+DejaVuSansMono-TLF 
on input line 427.

(/usr/share/texlive/texmf-dist/tex/latex/dejavu/T2ADejaVuSansMono-TLF.fd
File: T2ADejaVuSansMono-TLF.fd 2011/06/01 Font definitions for T2A/DejaVuSansMo
no-TLF.
)
LaTeX Font Info:    Font shape `T2A/Tempora-TLF/m/n' will be
(Font)              scaled to size 6.0pt on input line 428.

[24{/usr/share/texlive/texmf-dist/fonts/enc/dvips/dejavu/dejavumono_t2a.enc}]
LaTeX Font Info:    Trying to load font information for TS1+Tempora-TLF on inpu
t line 470.

(/usr/share/texlive/texmf-dist/tex/latex/tempora/TS1Tempora-TLF.fd
File: TS1Tempora-TLF.fd 2016/02/02 (autoinst) Font definitions for TS1/Tempora-
TLF.
)
LaTeX Font Info:    Font shape `TS1/Tempora-TLF/m/n' will be
(Font)              scaled to size 12.0pt on input line 470.
 [25{/usr/share/texlive/texmf-dist/fonts/enc/dvips/tempora/tmp_ac5xuc.enc}] [26
] [27]
Underfull \hbox (badness 10000) in paragraph at lines 579--579
[]|\T2A/Tempora-TLF/m/n/12 Корреляции меж-ду
 []


Underfull \hbox (badness 2418) in paragraph at lines 579--580
[]|\T2A/Tempora-TLF/m/n/12 Основную плос-кость и со-гла-со-ван-ность дви-же-ний

 []


Underfull \hbox (badness 10000) in paragraph at lines 581--581
[]|\T2A/Tempora-TLF/m/n/12 Частота пе-ре-се-че-ния
 []

[28] [29]
LaTeX Font Info:    Font shape `T2A/Tempora-TLF/m/n' will be
(Font)              scaled to size 8.0pt on input line 613.
 [30] [31]
Underfull \hbox (badness 4832) in paragraph at lines 681--682
\T2A/Tempora-TLF/m/n/12 му рас-пре-де-ле-ния, пло-хо
 []


Underfull \hbox (badness 10000) in paragraph at lines 683--683
[]|\T2A/Tempora-TLF/m/n/12 MiniBatch K-
 []


Underfull \hbox (badness 1960) in paragraph at lines 685--685
[]|\T2A/Tempora-TLF/m/n/12 Модель гаус-со-
 []


Underfull \hbox (badness 4872) in paragraph at lines 687--687
\T2A/Tempora-TLF/m/n/12 ви-си-мо-сти, под-хо-дит для
 []


Underfull \hbox (badness 10000) in paragraph at lines 689--689
[]|\T2A/Tempora-TLF/m/n/12 Изолирующий
 []


Underfull \hbox (badness 1796) in paragraph at lines 689--689
[]|\T2A/Tempora-TLF/m/n/12 Не тре-бу-ет нор-маль-но-сти,
 []


Underfull \hbox (badness 1348) in paragraph at lines 689--689
\T2A/Tempora-TLF/m/n/12 мас-шта-би-ру-ем, хо-рош для
 []

[32] [33] [34] [35] [36]
Underfull \hbox (badness 7397) in paragraph at lines 834--834
[]|\T2A/Tempora-TLF/m/n/12 Дополнительная на-груз-ка
 []

[37] [38]
LaTeX Font Info:    Font shape `T2A/Tempora-TLF/b/n' will be
(Font)              scaled to size 8.0pt on input line 870.
 [39

] [40] [41] [42] [43] (./thesis.bbl

Package hyperref Warning: Glyph not defined in PU encoding,
(hyperref)                removing `\CYRS' on input line 1.


Package hyperref Warning: Glyph not defined in PU encoding,
(hyperref)                removing `\cyrp' on input line 1.


Package hyperref Warning: Glyph not defined in PU encoding,
(hyperref)                removing `\cyri' on input line 1.


Package hyperref Warning: Glyph not defined in PU encoding,
(hyperref)                removing `\cyrs' on input line 1.


Package hyperref Warning: Glyph not defined in PU encoding,
(hyperref)                removing `\cyro' on input line 1.


Package hyperref Warning: Glyph not defined in PU encoding,
(hyperref)                removing `\cyrk' on input line 1.


Package hyperref Warning: Glyph not defined in PU encoding,
(hyperref)                removing `\cyrl' on input line 1.


Package hyperref Warning: Glyph not defined in PU encoding,
(hyperref)                removing `\cyri' on input line 1.


Package hyperref Warning: Glyph not defined in PU encoding,
(hyperref)                removing `\cyrt' on input line 1.


Package hyperref Warning: Glyph not defined in PU encoding,
(hyperref)                removing `\cyre' on input line 1.


Package hyperref Warning: Glyph not defined in PU encoding,
(hyperref)                removing `\cyrr' on input line 1.


Package hyperref Warning: Glyph not defined in PU encoding,
(hyperref)                removing `\cyra' on input line 1.


Package hyperref Warning: Glyph not defined in PU encoding,
(hyperref)                removing `\cyrt' on input line 1.


Package hyperref Warning: Glyph not defined in PU encoding,
(hyperref)                removing `\cyru' on input line 1.


Package hyperref Warning: Glyph not defined in PU encoding,
(hyperref)                removing `\cyrr' on input line 1.


Package hyperref Warning: Glyph not defined in PU encoding,
(hyperref)                removing `\cyrery' on input line 1.

LaTeX Font Info:    Font shape `T2A/Tempora-TLF/m/it' will be
(Font)              scaled to size 10.0pt on input line 14.
[44

] [45]) [46] (./thesis.aux)
 ***********
LaTeX2e <2023-11-01> patch level 1
L3 programming layer <2024-01-22>
 ***********
 ) 
Here is how much of TeX's memory you used:
 44296 strings out of 475583
 975367 string characters out of 5785559
 2016975 words of memory out of 5000000
 65290 multiletter control sequences out of 15000+600000
 599024 words of font info for 84 fonts, out of 8000000 for 9000
 475 hyphenation exceptions out of 8191
 90i,11n,133p,1802b,1236s stack positions out of 10000i,1000n,20000p,200000b,200000s
</usr/share/texlive/texmf-dist/fonts/type1/public/dejavu/DejaVuSansMono.pfb><
/usr/share/texlive/texmf-dist/fonts/type1/public/tempora/Tempora-Bold.pfb></usr
/share/texlive/texmf-dist/fonts/type1/public/tempora/Tempora-Italic.pfb></usr/s
hare/texlive/texmf-dist/fonts/type1/public/tempora/Tempora-Regular.pfb></usr/sh
are/texlive/texmf-dist/fonts/type1/public/amsfonts/cm/cmex10.pfb></usr/share/te
xlive/texmf-dist/fonts/type1/public/amsfonts/cm/cmmi12.pfb></usr/share/texlive/
texmf-dist/fonts/type1/public/amsfonts/cm/cmmi8.pfb></usr/share/texlive/texmf-d
ist/fonts/type1/public/amsfonts/cm/cmr12.pfb></usr/share/texlive/texmf-dist/fon
ts/type1/public/amsfonts/cm/cmr8.pfb></usr/share/texlive/texmf-dist/fonts/type1
/public/amsfonts/cm/cmsy10.pfb></usr/share/texlive/texmf-dist/fonts/type1/publi
c/amsfonts/cm/cmsy8.pfb></usr/share/texlive/texmf-dist/fonts/type1/public/amsfo
nts/symbols/msbm10.pfb>
Output written on thesis.pdf (46 pages, 329437 bytes).
PDF statistics:
 743 PDF objects out of 1000 (max. 8388607)
 665 compressed objects within 7 object streams
 195 named destinations out of 1000 (max. 500000)
 482 words of extra memory for PDF output out of 10000 (max. 10000000)

